-- MySQL dump 10.13  Distrib 5.5.38, for debian-linux-gnu (i686)
--
-- Host: localhost    Database: entryservice
-- ------------------------------------------------------
-- Server version	5.5.38-0ubuntu0.12.04.1

/*!40101 SET @OLD_CHARACTER_SET_CLIENT=@@CHARACTER_SET_CLIENT */;
/*!40101 SET @OLD_CHARACTER_SET_RESULTS=@@CHARACTER_SET_RESULTS */;
/*!40101 SET @OLD_COLLATION_CONNECTION=@@COLLATION_CONNECTION */;
/*!40101 SET NAMES utf8 */;
/*!40103 SET @OLD_TIME_ZONE=@@TIME_ZONE */;
/*!40103 SET TIME_ZONE='+00:00' */;
/*!40014 SET @OLD_UNIQUE_CHECKS=@@UNIQUE_CHECKS, UNIQUE_CHECKS=0 */;
/*!40014 SET @OLD_FOREIGN_KEY_CHECKS=@@FOREIGN_KEY_CHECKS, FOREIGN_KEY_CHECKS=0 */;
/*!40101 SET @OLD_SQL_MODE=@@SQL_MODE, SQL_MODE='NO_AUTO_VALUE_ON_ZERO' */;
/*!40111 SET @OLD_SQL_NOTES=@@SQL_NOTES, SQL_NOTES=0 */;

--
-- Table structure for table `absence`
--

DROP TABLE IF EXISTS `absence`;
/*!40101 SET @saved_cs_client     = @@character_set_client */;
/*!40101 SET character_set_client = utf8 */;
CREATE TABLE `absence` (
  `ID` int(11) NOT NULL AUTO_INCREMENT,
  `ApplicantID` int(11) NOT NULL,
  `StatusID` int(11) NOT NULL,
  `AbsentOn` date NOT NULL,
  `AbsentTill` date NOT NULL,
  PRIMARY KEY (`ID`),
  KEY `IdentityID` (`ApplicantID`),
  KEY `StatusID` (`StatusID`),
  CONSTRAINT `absence_ibfk_1` FOREIGN KEY (`ApplicantID`) REFERENCES `applicant` (`ID`) ON DELETE CASCADE
) ENGINE=InnoDB DEFAULT CHARSET=latin1;
/*!40101 SET character_set_client = @saved_cs_client */;

--
-- Dumping data for table `absence`
--

LOCK TABLES `absence` WRITE;
/*!40000 ALTER TABLE `absence` DISABLE KEYS */;
/*!40000 ALTER TABLE `absence` ENABLE KEYS */;
UNLOCK TABLES;

--
-- Table structure for table `address`
--

DROP TABLE IF EXISTS `address`;
/*!40101 SET @saved_cs_client     = @@character_set_client */;
/*!40101 SET character_set_client = utf8 */;
CREATE TABLE `address` (
  `ID` int(11) NOT NULL AUTO_INCREMENT,
  `ApplicantID` int(11) NOT NULL,
  `CommunityID` int(11) NOT NULL,
  `FromDate` date DEFAULT NULL,
  `ToDate` date DEFAULT NULL,
  `Status` enum('Living with Steward','Steward','House-sitting','NC Accomodation','Staff Accomodation','Renting','Guest House') NOT NULL,
  PRIMARY KEY (`ID`),
  UNIQUE KEY `ApplicantID` (`ApplicantID`,`CommunityID`),
  KEY `IdentityID` (`ApplicantID`),
  KEY `CommunityID` (`CommunityID`),
  CONSTRAINT `address_ibfk_1` FOREIGN KEY (`ApplicantID`) REFERENCES `applicant` (`ID`) ON DELETE CASCADE,
  CONSTRAINT `address_ibfk_2` FOREIGN KEY (`CommunityID`) REFERENCES `community` (`ID`)
) ENGINE=InnoDB AUTO_INCREMENT=67 DEFAULT CHARSET=latin1;
/*!40101 SET character_set_client = @saved_cs_client */;

--
-- Dumping data for table `address`
--

LOCK TABLES `address` WRITE;
/*!40000 ALTER TABLE `address` DISABLE KEYS */;
INSERT INTO `address` VALUES (1,493,23,'2014-07-21','2014-07-21','NC Accomodation'),(2,494,106,'2014-07-21','2014-07-21','NC Accomodation'),(3,497,109,'2014-07-21','2014-07-21','NC Accomodation'),(4,501,10,'2014-07-21','2014-07-21','Living with Steward'),(5,502,77,'2014-07-21','2014-07-21','Living with Steward'),(6,503,18,'2014-07-21','2014-07-21','Guest House'),(7,506,23,'2014-07-21','2014-07-21','NC Accomodation'),(8,508,70,'2014-07-21','2014-07-21','Steward'),(9,509,71,'2014-07-21','2014-07-21','House-sitting'),(10,511,37,'2014-07-21','2014-07-21','House-sitting'),(11,512,104,'2014-07-21','2014-07-21','Steward'),(12,520,25,'2014-07-21','2014-07-21','Steward'),(13,521,61,'2014-07-21','2014-07-21','House-sitting'),(14,526,26,'2014-07-21','2014-07-21','NC Accomodation'),(15,528,26,'2014-07-21','2014-07-21','Steward'),(16,529,36,'2014-07-21','2014-07-21','House-sitting'),(17,534,26,'2014-07-21','2014-07-21','NC Accomodation'),(18,535,25,'2014-07-21','2014-07-21','Steward'),(19,539,72,'2014-07-21','2014-07-21','Steward'),(20,540,70,'2014-07-21','2014-07-21','Steward'),(21,544,65,'2014-07-21','2014-07-21','Steward'),(22,545,43,'2014-07-21','2014-07-21','House-sitting'),(23,546,36,'2014-07-21','2014-07-21','House-sitting'),(24,548,43,'2014-07-21','2014-07-21','House-sitting'),(25,549,31,'2014-07-21','2014-07-21','NC Accomodation'),(26,550,18,'2014-07-21','2014-07-21','Guest House'),(27,551,65,'2014-07-21','2014-07-21','House-sitting'),(28,553,32,'2014-07-21','2014-07-21','House-sitting'),(29,556,13,'2014-07-21','2014-07-21','House-sitting'),(30,560,102,'2014-07-21','2014-07-21','NC Accomodation'),(31,562,23,'2014-07-21','2014-07-21','NC Accomodation'),(32,564,109,'2014-07-21','2014-07-21','NC Accomodation'),(33,566,65,'2014-07-21','2014-07-21','NC Accomodation'),(34,567,26,'2014-07-21','2014-07-21','House-sitting'),(35,568,65,'2014-07-21','2014-07-21','Living with Steward'),(36,569,23,'2014-07-21','2014-07-21','NC Accomodation'),(37,570,62,'2014-07-21','2014-07-21','House-sitting'),(38,571,111,'2014-07-21','2014-07-21','House-sitting'),(39,573,25,'2014-07-21','2014-07-21','Guest House'),(40,574,99,'2014-07-21','2014-07-21','Staff Accomodation'),(41,575,28,'2014-07-21','2014-07-21','Living with Steward'),(42,577,28,'2014-07-21','2014-07-21','Living with Steward'),(43,578,37,'2014-07-21','2014-07-21','Steward'),(44,579,104,'2014-07-21','2014-07-21','Living with Steward'),(45,581,26,'2014-07-21','2014-07-21','House-sitting'),(46,585,99,'2014-07-21','2014-07-21','Staff Accomodation'),(47,590,92,'2014-07-21','2014-07-21','Living with Steward'),(48,595,31,'2014-07-21','2014-07-21','NC Accomodation'),(49,596,70,'2014-07-21','2014-07-21','Staff Accomodation'),(50,597,9,'2014-07-21','2014-07-21','House-sitting'),(51,607,80,'2014-07-21','2014-07-21','House-sitting'),(52,609,26,'2014-07-21','2014-07-21','House-sitting'),(53,612,10,'2014-07-21','2014-07-21','Steward'),(54,614,109,'2014-07-21','2014-07-21','House-sitting'),(55,618,13,'2014-07-21','2014-07-21','NC Accomodation'),(56,630,65,'2014-07-21','2014-07-21','NC Accomodation'),(57,634,26,'2014-07-21','2014-07-21','House-sitting'),(58,636,30,'2014-07-21','2014-07-21','Living with Steward'),(59,638,74,'2014-07-21','2014-07-21','Staff Accomodation'),(60,640,32,'2014-07-21','2014-07-21','Guest House'),(61,642,65,'2014-07-21','2014-07-21','Guest House'),(62,645,43,'2014-07-21','2014-07-21','Steward'),(63,646,28,'2014-07-21','2014-07-21','Steward'),(64,651,1,NULL,NULL,'Living with Steward');
/*!40000 ALTER TABLE `address` ENABLE KEYS */;
UNLOCK TABLES;

--
-- Table structure for table `applicant`
--

DROP TABLE IF EXISTS `applicant`;
/*!40101 SET @saved_cs_client     = @@character_set_client */;
/*!40101 SET character_set_client = utf8 */;
CREATE TABLE `applicant` (
  `ID` int(11) NOT NULL AUTO_INCREMENT,
  `Name` varchar(64) NOT NULL,
  `Surname` varchar(64) NOT NULL,
  `BirthPlace` varchar(64) NOT NULL,
  `BirthDate` date NOT NULL,
  `Photo` varchar(128) NOT NULL,
  `Sex` enum('M','F') NOT NULL,
  `MaritalStatus` enum('Single','Married','Divorced','Widowed','Separated','Bachelor') NOT NULL,
  `ResServiceNum` int(11) DEFAULT NULL,
  `Notes` text NOT NULL,
  `NationalityID` int(11) NOT NULL,
  `PassportID` int(11) DEFAULT NULL,
  `VisaID` int(11) DEFAULT NULL,
  `IndiaID` int(11) DEFAULT NULL,
  `Spouse` varchar(64) DEFAULT NULL,
  PRIMARY KEY (`ID`),
  UNIQUE KEY `Name` (`Name`,`Surname`),
  KEY `ResServiceNum` (`ResServiceNum`),
  KEY `NationalityID` (`NationalityID`),
  KEY `PassportID` (`PassportID`),
  KEY `VisaID` (`VisaID`),
  KEY `IndiaID` (`IndiaID`),
  CONSTRAINT `applicant_ibfk_1` FOREIGN KEY (`NationalityID`) REFERENCES `nationality` (`ID`) ON DELETE NO ACTION ON UPDATE NO ACTION,
  CONSTRAINT `applicant_ibfk_2` FOREIGN KEY (`PassportID`) REFERENCES `passport` (`ID`) ON DELETE SET NULL ON UPDATE CASCADE,
  CONSTRAINT `applicant_ibfk_3` FOREIGN KEY (`VisaID`) REFERENCES `visa` (`ID`) ON DELETE SET NULL ON UPDATE CASCADE,
  CONSTRAINT `applicant_ibfk_4` FOREIGN KEY (`IndiaID`) REFERENCES `indianID` (`ID`) ON DELETE SET NULL ON UPDATE CASCADE
) ENGINE=InnoDB AUTO_INCREMENT=654 DEFAULT CHARSET=latin1;
/*!40101 SET character_set_client = @saved_cs_client */;

--
-- Dumping data for table `applicant`
--

LOCK TABLES `applicant` WRITE;
/*!40000 ALTER TABLE `applicant` DISABLE KEYS */;
INSERT INTO `applicant` VALUES (493,'Anitha','KATHIRVELU','','1982-08-29','','F','Married',4262,'',105,NULL,NULL,NULL,'MUTHUKUMARAN MALAYALATHAN'),(494,'Betty','FOURAGE','','1979-12-22','','F','Married',4136,'',75,NULL,NULL,NULL,''),(495,'Francesca ','PAPALE','','1974-08-01','','F','Married',4230,'',110,NULL,NULL,NULL,''),(496,'Khaled Mohamed','ABDELMONEM','','1983-02-05','','M','Married',3766,'',65,NULL,NULL,NULL,'LUISE ANREASEN'),(497,'Kiran','KAMAL','','1988-09-15','','F','Married',4236,'',101,NULL,NULL,NULL,''),(498,'Muthukumaran','MALAYALATHAN','','1981-05-03','','M','Married',4261,'',101,NULL,NULL,NULL,'ANITHA KATHIRVELU'),(499,'Susana','CABRA','','1967-05-25','','F','Married',4205,'',49,NULL,NULL,NULL,''),(500,'Ambra','FEIRA','','1973-08-28','','F','Married',2423,'',110,NULL,NULL,NULL,'CRISTIANO'),(501,'Andrey','KONSTANTINOV','','1993-04-01','','M','Married',3362,'',191,NULL,NULL,NULL,''),(502,'Aryan','KOLBERT','','1982-12-18','','M','Married',241,'',57,NULL,NULL,NULL,''),(503,'Christine','ROLAND','','1962-07-19','','F','Married',4069,'TOS 1 month',75,NULL,NULL,NULL,''),(504,'Chun','XU','','1966-03-15','','M','Married',4123,'TOS for 2 months',48,NULL,NULL,NULL,'RUOYAN DUAN'),(505,'Cristiano','CASTELLI','','1970-07-28','','M','Married',4180,'',110,NULL,NULL,NULL,'AMBRA'),(506,'Daniel','ESTIS','','1970-11-28','','M','Married',3991,'',103,NULL,NULL,NULL,''),(507,'Deoyani','SARKHOT','','1976-12-27','','F','Married',4207,'',101,NULL,NULL,NULL,''),(508,'Elvira','SAIZ SALAMANCA','','1966-07-08','','F','Married',4144,'',68,NULL,NULL,NULL,'YADABA JAVIER DEL CERRO'),(509,'Evgenia','KUZNETSOVA','','1976-01-26','','F','Married',4169,'',191,NULL,NULL,NULL,''),(510,'Galina','RUDENOKA','','1962-01-24','','F','Married',4193,'',135,NULL,NULL,NULL,'NICOLAJS RUDENOKS'),(511,'Gilles','AVONDE','','1969-02-17','','M','Married',4049,'',75,NULL,NULL,NULL,'LAURE AVONDE'),(512,'Hans','VAN BARREN','','1969-06-12','','M','Married',2311,'',105,NULL,NULL,NULL,'SOWMYA PARAMESWARAN'),(513,'Irene','DISEZ','','1947-01-17','','F','Married',4074,'',75,NULL,NULL,NULL,''),(514,'James','ELLIS','','1978-09-21','','M','Married',3738,'',1,NULL,NULL,NULL,''),(515,'Jan','KEUTER','','1950-07-05','','M','Married',4168,'',105,NULL,NULL,NULL,''),(516,'Jorge','AYARZA DUGAN','','1968-08-05','','M','Married',3973,'',63,NULL,NULL,NULL,''),(517,'Kati','HOETGER','','1954-06-19','','F','Married',3562,'',57,NULL,NULL,NULL,''),(518,'Kavit','KUMAR','','1975-01-09','','M','Married',4249,'',101,NULL,NULL,NULL,'SHILPA SUD'),(519,'Li Fang','TANG','','1971-08-19','','F','Married',4202,'',48,NULL,NULL,NULL,''),(520,'Mahavir','BOS','','1972-05-20','','M','Married',4157,'',101,NULL,NULL,NULL,''),(521,'Manuela','SCHLIESSNER','','1971-01-05','','F','Married',4146,'',105,NULL,NULL,NULL,''),(522,'Minsun','PARK','','1970-04-01','','F','Married',4115,'',105,NULL,NULL,NULL,'LEE TAHANG'),(523,'Natacha','LABORDE','','1967-12-28','','F','Married',4109,'',75,NULL,NULL,NULL,'YVES LABORDE'),(524,'Nikolajs','RUDENOKS','','1942-02-01','','M','Married',4194,'',135,NULL,NULL,NULL,'GALINA RUDENOKA'),(525,'Niva','KOVSHI','','1969-12-05','','F','Married',3877,'TOS 2 ½ months',103,NULL,NULL,NULL,'JOSE'),(526,'Petra','MO','','1973-12-02','','F','Married',4189,'',197,NULL,NULL,NULL,'TOM MO'),(527,'Ramjee','SWAMINATHAN','','1963-05-02','','M','Married',4130,'',101,NULL,NULL,NULL,'SOWMYA ARUNAJATESAN'),(528,'Riju','KOLMER','','1974-04-03','','M','Married',4003,'',101,NULL,NULL,NULL,''),(529,'Samvit','BLASS','','1979-06-20','','M','Married',47,'',57,NULL,NULL,NULL,'AUROTEJAS'),(530,'Sergei','GRABUZDOV','','1966-06-21','','M','Married',2913,'',191,NULL,NULL,NULL,''),(531,'Shilpa','SUD','','1982-04-03','','F','Married',4248,'',101,NULL,NULL,NULL,'KAVIT KUMAR'),(532,'Sowmya','ARUNAJATESAN','','1969-04-16','','F','Married',4131,'TOS 1 month',101,NULL,NULL,NULL,'RAMJEE SWAMINATHAN'),(533,'Stefania ','PERSICHETTI','','1964-06-23','','F','Married',4221,'',110,NULL,NULL,NULL,'SAMARDASHANA'),(534,'Tom','MO','','1979-01-06','','M','Married',4190,'',230,NULL,NULL,NULL,'MILO MO'),(535,'Ulrike','BURGHARDT','','1977-02-27','','F','Married',4001,'',57,NULL,NULL,NULL,'BHAKTI BOS'),(536,'Venkatesan','GOVINDAN','','1982-08-29','','M','Married',4172,'',101,NULL,NULL,NULL,''),(537,'Viacheslav','ASTAFYEV','','1984-06-22','','M','Married',4198,'',191,NULL,NULL,NULL,'ELENA ALEXANDROV'),(538,'Vikram','MANI','','1980-12-05','','M','Married',4206,'',101,NULL,NULL,NULL,''),(539,'Wendy','D\'OLIVE','','1954-04-17','','F','Married',4057,'',110,NULL,NULL,NULL,''),(540,'Yadava Javier','DEL CERRO CASANES','','1961-01-24','','M','Married',4145,'',68,NULL,NULL,NULL,'ELVIRA'),(541,'Yumi','OTSUKA','','1974-01-21','','F','Married',4105,'',114,NULL,NULL,NULL,''),(542,'Yves','LABORDE','','1957-04-10','','M','Married',4108,'',75,NULL,NULL,NULL,'NATACHA LABORDE'),(543,'Animesh','RAI','','1967-05-08','','M','Married',4306,'',105,NULL,NULL,NULL,''),(544,'Annabelle','DEVICHI','','1979-01-21','','F','Married',3936,'',75,NULL,NULL,NULL,''),(545,'Fabienne','VANVIERSSEN','','1964-08-31','','F','Married',4343,'',75,NULL,NULL,NULL,'PATRICK FERNANDEZ'),(546,'Loredana','BIASION','','1955-07-13','','F','Married',1371,'From 15?02/2014',110,NULL,NULL,NULL,''),(547,'Pablo','OLMOS FRAILE','','1980-06-29','','M','Married',3975,'',68,NULL,NULL,NULL,''),(548,'Patrick','FERNANDEZ','','1960-03-02','','M','Married',4342,'',75,NULL,NULL,NULL,'FABIENNE FERNANDEZ'),(549,'Viktoriya','KOLEVA','','1978-07-19','','F','Married',4100,'TOS 1 month',22,NULL,NULL,NULL,''),(550,'Yves ',' LE CARPENTIER','','1946-08-07','','M','Married',4279,'LEFT AV 26/04/2014',75,NULL,NULL,NULL,''),(551,'Alain','SCHWAB','','1956-12-05','','M','Married',4204,'',75,NULL,NULL,NULL,''),(552,'Alexander','CALTAGIRONE','','1977-05-07','','M','Married',4304,'',110,NULL,NULL,NULL,'SARA MADASCHI'),(553,'Anandan','RAMACHANDRAN','','1978-07-28','','M','Married',4383,'',105,NULL,NULL,NULL,'PREMA LATHA'),(554,'Anatolii','STAROZHUK','','1983-03-31','','M','Married',4276,'',191,NULL,NULL,NULL,''),(555,'Aniko Hilda','KORSAI','','1966-01-09','','F','Married',4232,'',57,NULL,NULL,NULL,''),(556,'Anja','BAELUS','','1970-04-02','','F','Married',4219,'',20,NULL,NULL,NULL,'ROELAND TRAUWAEN'),(557,'Arati','DUTTA','','1973-04-24','','F','Married',4352,'',105,NULL,NULL,NULL,''),(558,'Aurore','SZYMLOWIAK','','1975-10-25','','F','Married',4358,'',75,NULL,NULL,NULL,''),(559,'Balu','KUPPUSAMY','','1982-06-05','','M','Married',4042,'Meeting march/april 2013',105,NULL,NULL,NULL,''),(560,'Ben Asher','WISE','','1985-05-02','','M','Married',4239,'',105,NULL,NULL,NULL,'ROSEMARY MERAN'),(561,'Berengere','BERIEAU','','1973-08-28','','F','Married',4360,'',75,NULL,NULL,NULL,'SRIKANTH KOLARI'),(562,'Bhanu','TEMBURU','','1986-07-20','','M','Married',4325,'',101,NULL,NULL,NULL,'GENEVIEVE TREMBEAY'),(563,'Bhuvaneshwari','DURAIKANNU','','1984-06-30','','F','Married',4296,'',101,NULL,NULL,NULL,''),(564,'Charlotte','HESTIN','','1990-10-10','','F','Married',4244,'',75,NULL,NULL,NULL,''),(565,'Cornelia','DE NOOD','','1966-09-12','','F','Married',4312,'',105,NULL,NULL,NULL,''),(566,'Costantino ','CORCIONE','','1971-12-31','','M','Married',3868,'',110,NULL,NULL,NULL,'STEFANIA MAZZONE'),(567,'Damien','NAVINEAU','','1973-12-13','','M','Married',4195,'',75,NULL,NULL,NULL,''),(568,'Daniel','TRULSON','','1985-10-06','','M','Married',3930,'',105,NULL,NULL,NULL,'MIRRA TARDEIL'),(569,'Danny Simone ','FOUREAU','','1960-11-10','','F','Married',1206,'',75,NULL,NULL,NULL,''),(570,'Debabrata','SAHOO','','1985-07-13','','M','Married',4361,'',101,NULL,NULL,NULL,''),(571,'Devi','NAMASIVAYAM','','1970-05-23','','F','Married',4348,'',101,NULL,NULL,NULL,''),(572,'Dhanasu','KARUNACARAN','','1976-07-24','','M','Married',4302,'',101,NULL,NULL,NULL,'shiva@auroville.org.in'),(573,'Elena','STEPANOVA','','1956-09-07','','F','Married',4277,'',191,NULL,NULL,NULL,''),(574,'Enrica','CERCHI','','1961-03-05','','F','Married',4265,'',110,NULL,NULL,NULL,'GIUGLIO DI ANASTASIO'),(575,'Fedor','SEREDA','','1985-11-20','','M','Married',4235,'',191,NULL,NULL,NULL,'SARASWATI'),(576,'Fif','BOYD','','1960-06-04','','F','Married',4222,'',38,NULL,NULL,NULL,'Hamish BOYD'),(577,'Francesca ','FROLLO','','1960-05-06','','F','Married',2880,'',110,NULL,NULL,NULL,'GERARD GABLIER'),(578,'Francois','MARTINEZ','','1970-03-05','','M','Married',4349,'',75,NULL,NULL,NULL,''),(579,'Gabriella','TROMBETTA','','1962-03-27','','F','Married',3989,'',110,NULL,NULL,NULL,'NICOLA PORRO'),(580,'Gandhi ','MURUGESAN','','1979-09-29','','M','Married',3582,'',101,NULL,NULL,NULL,'HEMA'),(581,'Ganesh','BALASUBRAMANIAN','','1972-11-28','','M','Married',4307,'',101,NULL,NULL,NULL,'NEHA DIGHE'),(582,'Gerald Jan  Patrik','MYLOG','','1957-12-31','','M','Married',4292,'',197,NULL,NULL,NULL,''),(583,'Gianna','DE ROSA ','','1948-06-23','','F','Married',4256,'',110,NULL,NULL,NULL,''),(584,'Gildo','PIVETTA','','1944-07-15','','M','Married',3927,'',110,NULL,NULL,NULL,''),(585,'Giulio','DI ANASTASIO','','1968-04-16','','M','Married',4264,'',110,NULL,NULL,NULL,'ENRICA CERCHI'),(586,'Grace','MUSUMECI','','1950-07-05','','F','Married',4177,'',12,NULL,NULL,NULL,''),(587,'Hamish ','BOYD','','1952-07-29','','M','Married',4223,'',38,NULL,NULL,NULL,'Fif BOYD'),(588,'Henrico','CHIAVETTI','','1959-03-16','','M','Married',4322,'',110,NULL,NULL,NULL,'ROSA GOGLIA'),(589,'Hilary','SMITH','','1986-03-25','','F','Married',4272,'',105,NULL,NULL,NULL,''),(590,'Jane','MASON','','1980-11-02','','F','Married',4228,'',12,NULL,NULL,NULL,''),(591,'Jean – Luc','MALOR','','1972-03-10','','M','Married',4323,'',75,NULL,NULL,NULL,''),(592,'John','LOWRY','','1984-05-12','','M','Married',4225,'',230,NULL,NULL,NULL,''),(593,'Julie','VIDEGRAIN','','1976-01-11','','F','Married',4274,'',75,NULL,NULL,NULL,''),(594,'Julien','ARMAGNAC','','1980-02-11','','M','Married',4246,'',75,NULL,NULL,NULL,''),(595,'Kazue','YONEMURA','','1971-01-06','','F','Married',4316,'',114,NULL,NULL,NULL,''),(596,'Kristen','GRAVELLE','','1986-07-30','','F','Married',4332,'',105,NULL,NULL,NULL,''),(597,'Kundhavi Devi','PERUMAL','','1974-01-12','','F','Married',3146,'',101,NULL,NULL,NULL,''),(598,'Lara','DAVIS','','1979-04-24','','F','Married',4314,'',105,NULL,NULL,NULL,''),(599,'Laura','O\'CONNEL','','1984-09-21','','F','Married',4290,'',230,NULL,NULL,NULL,'CHRIS O\'CONNEL'),(600,'Louise','ANDREASEN','','1981-12-12','','F','Married',4162,'',105,NULL,NULL,NULL,'KHALED MOHAMED'),(601,'Malliga','THARANIRAJAN','','1980-09-07','','F','Married',4273,'',101,NULL,NULL,NULL,'THARANI PERUMAL'),(602,'Margaretha ','GONLAG','','1970-03-29','','F','Married',4269,'',105,NULL,NULL,NULL,''),(603,'Mariano','OJEDA','','1969-04-03','','M','Married',4334,'',10,NULL,NULL,NULL,''),(604,'Meenakshi','LALL','','1973-09-05','','F','Married',4297,'',38,NULL,NULL,NULL,'SEAN P. LALL'),(605,'Nadia','LABIOD','','1968-03-04','','F','Married',4152,'',75,NULL,NULL,NULL,'FREDERIK'),(606,'Nadine','FABRET','','1966-04-19','','F','Married',4341,'',75,NULL,NULL,NULL,'THIERRY LECONTE'),(607,'Nasim','GHOURCHIAN','','1983-12-13','','F','Married',4237,'',108,NULL,NULL,NULL,''),(608,'Nishanthi','KANNAPPAN','','1988-06-06','','F','Married',4285,'',101,NULL,NULL,NULL,'RAJ ELUMALAI'),(609,'Olesia','ISKHAKOVA','','1982-08-12','','F','Married',4329,'',191,NULL,NULL,NULL,''),(610,'Philippe ','MAY','','1970-04-20','','M','Married',4258,'',75,NULL,NULL,NULL,''),(611,'Rajesh','DHATCHANMOORTHY','','1990-06-11','','M','Married',4396,'',101,NULL,NULL,NULL,''),(612,'Ramesh','TULYANI','','1950-09-11','','M','Married',4253,'',105,NULL,NULL,NULL,''),(613,'Ravindra Babu','DAMA','Andra Pradesh','1969-08-25','','M','Married',0,'',105,NULL,NULL,NULL,'REVATHI DAMA'),(614,'Rebecca Marie','MANNING','','1980-01-20','','F','Married',4247,'',105,NULL,NULL,NULL,''),(615,'Revathi','DAMA','','1971-05-21','','F','Married',4409,'',101,NULL,NULL,NULL,'RAVINDRA DAMA'),(616,'Revathi','IYANAR','','1984-12-18','','F','Married',4378,'',101,NULL,NULL,NULL,'IYANAR'),(617,'Rima ','DAS','','1980-02-04','','F','Married',4351,'',101,NULL,NULL,NULL,''),(618,'Roeland','TRAUWAEN','','1970-05-31','','M','Married',4220,'',20,NULL,NULL,NULL,'ANJA BAELLUS'),(619,'Rosa','GOGLIA','','1964-10-12','','F','Married',4320,'',110,NULL,NULL,NULL,'HENRICO CHIAVETTI'),(620,'Rosemary','MERAN','','1985-06-08','','F','Married',4240,'',105,NULL,NULL,NULL,'BEN WISE'),(621,'Sabine','CHARPENTIER','','1968-12-21','','F','Married',4118,'',75,NULL,NULL,NULL,''),(622,'Sanjeev','RANGANATHAN','','1975-06-10','','M','Married',4394,'',101,NULL,NULL,NULL,'ANITA KOMANDURI'),(623,'Sara','MADASCHI','','1981-12-08','','F','Married',4303,'',110,NULL,NULL,NULL,'ALEXANDER CALTAGIRONE'),(624,'Saravanan M.','MANNANKATTI','','1986-06-11','','M','Married',4305,'',101,NULL,NULL,NULL,''),(625,'Sergey','YAROSHINSKIY','','1972-06-01','','M','Married',4282,'',191,NULL,NULL,NULL,''),(626,'Sergey','GALUSTYAN','','1952-02-28','','M','Married',4309,'',235,NULL,NULL,NULL,'EVGENIYA KULIEVA'),(627,'Shefali','MENDON','','1988-02-07','','F','Married',4336,'',101,NULL,NULL,NULL,''),(628,'Simantini','GAEKWAR','','1950-01-11','','F','Married',4114,'',101,NULL,NULL,NULL,''),(629,'Snehaprava','ROUT','','1979-08-22','','F','Married',4300,'',101,NULL,NULL,NULL,'SURENDRA'),(630,'Stefania ','MAZZONE','','1968-11-19','','F','Married',3869,'',110,NULL,NULL,NULL,'COSTANTINO CORCIONE'),(631,'Sun Mi','JUN','','1973-02-12','','F','Married',4254,'',105,NULL,NULL,NULL,'JUAN'),(632,'Surendra','ROUT','','1972-01-15','','M','Married',4299,'',101,NULL,NULL,NULL,'SNEHAPRAYA'),(633,'Suresh','NAGAMANI','','1982-08-20','','M','Married',4382,'',101,NULL,NULL,NULL,''),(634,'Svetlana','TSKHAY','','1968-02-28','','F','Married',4328,'',191,NULL,NULL,NULL,''),(635,'Swati','Jalnapurkar','','1966-11-19','','F','Married',4326,'',101,NULL,NULL,NULL,'PRASHANT NAVARE'),(636,'Theresa','GEHLER','','1982-06-03','','F','Single',4295,'',57,NULL,NULL,NULL,''),(637,'Thierry Luc','LECONTE','','1965-01-19','','M','Married',4338,'',75,NULL,NULL,NULL,'NADINE FABRET'),(638,'Tia','PLEIMAN','','1958-09-03','','F','Married',4079,'TOS 2 ½ months – previous NC 15/11/11',105,NULL,NULL,NULL,''),(639,'Umalakshmi','RANGANATHAN','','1978-04-11','','F','Married',4339,'',101,NULL,NULL,NULL,'Durai'),(640,'Vera Nicolette','BOSCH','','1967-11-18','','F','Married',4259,'',105,NULL,NULL,NULL,''),(641,'Walter','VAN ASSCHE','','1948-01-14','','M','Married',4266,'',20,NULL,NULL,NULL,''),(642,'Zelma','RODIN','','1957-06-10','','F','Married',4324,'',248,NULL,NULL,NULL,''),(643,'Chaitanya','BAETENS','','1984-10-07','','M','Married',22,'',20,NULL,NULL,NULL,''),(644,'Chris','0\'CONNEL','','1982-08-01','','M','Married',1320,'',105,NULL,NULL,NULL,'LAURA WAKAFIELD'),(645,'Maya','BERGREEN-CLAUSEN','','1976-03-31','','F','Married',230,'',197,NULL,NULL,NULL,''),(646,'Tom Gablier','GERARD','','1949-03-19','','M','Married',154,'',75,NULL,NULL,NULL,'FRANCESCA FROLLO'),(647,'Xavier','Maysonnave','Germany','0000-00-00','','M','Married',3435,'',29,NULL,NULL,NULL,'Veronique Meichal'),(648,'Maria Teresa','Aleman','Murcia ','1981-02-22','','F','Single',2345,'',68,NULL,NULL,NULL,''),(649,'Tahir Kedir','Hussen','Shashemene','1992-12-28','','M','Single',4363,'',69,1,NULL,NULL,''),(650,'Nicholas Paul','Klotz','England','1953-03-31','','M','Single',4372,'',77,2,NULL,NULL,''),(651,'luk','gast','schoten','2014-08-12','','M','Single',NULL,'',20,NULL,2,NULL,''),(652,'Maria del Milagro','Ibanez Perez','Bilbao','1963-05-21','','F','Single',4364,'',68,3,NULL,NULL,''),(653,'Anatolii','Diachenko','Kiev','1948-11-11','','M','Married',4373,'',230,4,NULL,NULL,'');
/*!40000 ALTER TABLE `applicant` ENABLE KEYS */;
UNLOCK TABLES;

--
-- Table structure for table `applicant_email`
--

DROP TABLE IF EXISTS `applicant_email`;
/*!40101 SET @saved_cs_client     = @@character_set_client */;
/*!40101 SET character_set_client = utf8 */;
CREATE TABLE `applicant_email` (
  `ID` int(11) NOT NULL AUTO_INCREMENT,
  `ApplicantID` int(11) DEFAULT NULL,
  `Email` varchar(64) NOT NULL,
  `IsPrimary` enum('Y','N') NOT NULL,
  PRIMARY KEY (`ID`),
  UNIQUE KEY `ApplicantID_2` (`ApplicantID`,`Email`),
  KEY `ApplicantID` (`ApplicantID`),
  CONSTRAINT `applicant_email_ibfk_2` FOREIGN KEY (`ApplicantID`) REFERENCES `applicant` (`ID`) ON DELETE CASCADE
) ENGINE=InnoDB AUTO_INCREMENT=155 DEFAULT CHARSET=latin1;
/*!40101 SET character_set_client = @saved_cs_client */;

--
-- Dumping data for table `applicant_email`
--

LOCK TABLES `applicant_email` WRITE;
/*!40000 ALTER TABLE `applicant_email` DISABLE KEYS */;
INSERT INTO `applicant_email` VALUES (1,493,'muthu.varankumar@gmail.com','Y'),(2,494,'bettyfourage@hotmail.com','Y'),(3,495,'papale.fr@gmail.com','Y'),(4,496,'khaled.loo25@gmail.com','Y'),(5,497,'kirankamal88@gmail.com','Y'),(6,498,'varunkumar@gmail.com','Y'),(7,499,'susy_cabra@yahoo.com','Y'),(8,500,'ambrafeira@gmail.com','Y'),(9,501,'andreyinvolute@gmail.com','Y'),(10,502,'aryan8212@yahoo.com','Y'),(11,503,'otrachristine@yahoo.fr','Y'),(12,504,'gastonchine@hotmail.com','Y'),(13,505,'castellicristiano@gmail.com','Y'),(14,506,'adarbaton@gmail.com','Y'),(15,507,'dsarkhot@gmail.com','Y'),(16,508,'elvirasaiz@yahoo.com','Y'),(17,509,'jane@panda.ru','Y'),(18,510,'galja_ko@inbox.lv','Y'),(19,511,'gilles@avonde.fr','Y'),(20,512,'BODYAWARENESS@auroville.org.in','Y'),(21,513,'siamneko__oz@hotmail.com','Y'),(22,515,'jan.keuter@vrolijkefietsers.nl','Y'),(23,516,'jorge.ayarza@gmail.com','Y'),(24,517,'kati.hoetger@web.de','Y'),(25,518,'kavit.kumar@gmail.com','Y'),(26,519,'auromode@auroville.org.in','Y'),(27,520,' irene.disez@yahoo.fr','Y'),(28,521,'manuela.auroville@gmail.com','Y'),(29,522,'nfoever@gmail.com','Y'),(30,523,'natacha.av@gmail.com','Y'),(31,524,'galja_ko@inbox.lv','Y'),(32,525,'nivako@yahoo.com','Y'),(33,526,'PEA_mo@yahoo.se','Y'),(34,527,'ramjee.swaminathan@gmail.com','Y'),(35,528,'riju@auroville.org.in','Y'),(36,529,'sblass@yahoo.com','Y'),(37,530,'maitreye@inbox.ru','Y'),(38,531,'shilpa.gsud@gmail.com','Y'),(39,532,'sowmya.jatesan@gmail.com','Y'),(40,533,'stefania.persichetti@alice.it','Y'),(41,534,'tommo@defracted.com','Y'),(42,535,'mahavirbos@hotmail.com','Y'),(43,536,'vengadeshabri@gmail.com','Y'),(44,537,'astafieff@gmail.com','Y'),(45,538,'aurovik@yahoo.in','Y'),(46,539,'wdolive@libero.it','Y'),(47,540,'yadabis@yahoo.es','Y'),(48,541,'essence.touch@yahoo.de','Y'),(49,542,'yves.laborde@gmail.com','Y'),(50,543,'animeshrai@hotmail.com','Y'),(51,544,'circus_trees@hotmail.fr','Y'),(52,545,'fabvierssen@gmail.com','Y'),(53,546,'info@permirra.com','Y'),(54,547,'pof968@yahoo.es','Y'),(55,548,'fernandez0203@gmail.com','Y'),(56,549,'viktoriya_nk@hotmail.com','Y'),(57,550,'yvescarpentier@yahoo.fr','Y'),(58,551,'alainschwab45@gmail.com','Y'),(59,552,'alexbgb@yahoo.it','Y'),(60,553,'anandar@gmail.com','Y'),(61,554,'facknet@gmail.com','Y'),(62,555,'aniko_ka@gmx.de','Y'),(63,556,'anjabaelus@hotmail.com','Y'),(64,557,'aarteedutta@gmail.com','Y'),(65,559,'boobalan23@hotmail.com','Y'),(66,560,'benawise@gmail.com','Y'),(67,562,'bhinuc@gmail.com','Y'),(68,563,'bhuvi.asana@gmail.com','Y'),(69,564,'carlotta33@hotmail.fr','Y'),(70,565,'hansnÿsse@gmail.com','Y'),(71,566,'ziokost@yahoo.it','Y'),(72,567,'damien.navineau@gmail.com','Y'),(73,568,'dmtrulson@yahoo.com','Y'),(74,569,'dany.foureau@sfr.fr','Y'),(75,570,'debosahoo@gmail.com','Y'),(76,571,'devi.namasiv@gmail.com','Y'),(77,572,'dhanasunewdawn@gmail.com','Y'),(78,573,'lena.kria@gmail.com','Y'),(79,574,'giuglioenrica@gmail.com','Y'),(80,575,'fe07@bk.ru','Y'),(81,576,'fif.hamish@me.com','Y'),(82,577,'francescafrollo@gmail.com','Y'),(83,578,'fanfanclil@gmail.com','Y'),(84,579,'gabri.cami7@hotmail.it','Y'),(85,580,'visitorscentre@auroville.org.in','Y'),(86,581,'ganesh_bala@hotmail.com','Y'),(87,582,'gerald.mylog@gmail.com','Y'),(88,583,'lestellenoi@gmail.com','Y'),(89,584,'gmp.tefl09@gmail.com','Y'),(90,585,'giulioenrica2gmail.com','Y'),(91,586,'grace.m77@gmail.com','Y'),(92,587,'fif.hamish@me.com','Y'),(93,588,'samarpan.gh@gmail.com','Y'),(94,589,'hilarydsmith@gmail.com','Y'),(95,590,'janiemase@yahoo.com.au','Y'),(96,591,'jmalor@yahoo.fr','Y'),(97,592,'johnlowry@ntlworld.com','Y'),(98,593,'sunja@alicedsl.fr','Y'),(99,594,'julien.tamil@gmail.com','Y'),(100,595,'giri@auroville.org.in','Y'),(101,596,'joss@auroville.org.in','Y'),(102,597,'kundax@gmail.com','Y'),(103,598,'lara.earth@gmail.com','Y'),(104,599,'lauraoconnel1@live.co.uk','Y'),(105,600,'louise_and40@yahoo.dk','Y'),(106,601,'malligatharani@yahoo.in','Y'),(107,602,'margreetgonalg@yahoo.com','Y'),(108,603,'marianoje@hotmail.com','Y'),(109,604,'guesthousejoy@gmail.com','Y'),(110,605,'Nadia.labiod@voila.fr','Y'),(111,607,'amrit.zelnic@gmail.com','Y'),(112,608,'nishanthiraj07@gmail.com','Y'),(113,609,'omolesya12@gmail.com','Y'),(114,610,'phil.blau@hanji.info','Y'),(115,611,'rayeshdashna@gmail.com','Y'),(116,612,'rtulyani@hotmail.com','Y'),(117,613,'r_dama@yahoo.com','Y'),(118,614,'manning120@yahoo.com','Y'),(119,615,'r_dama@yahoo.com','Y'),(120,616,'revashanthu@gmail.com','Y'),(121,617,'rima.das@gmail.com','Y'),(122,618,'roelandanja@hotmail.com','Y'),(123,619,'samarpan.gh@gmail.com','Y'),(124,620,'rosemary.meran@gmail.com','Y'),(125,621,'babylone1999@yahoo.com','Y'),(126,622,'sanjeev.ranganathan@gmail.com','Y'),(127,623,'samadas@hotmail.com','Y'),(128,624,'saravanangm@gmail.com','Y'),(129,625,'erji777@gmail.com','Y'),(130,626,'gsk.52@mail.ru','Y'),(131,627,'shefaimendon@gmail.com','Y'),(132,628,'indusvalleybn@gmail.com','Y'),(133,629,'snehaprava88@gmail.com','Y'),(134,630,'esteema21@yahoo','Y'),(135,631,'openmind.jsm@gmail.com','Y'),(136,632,'routsurendra72@gmail.com','Y'),(137,633,'savitribhavan@auroville.org.in','Y'),(138,634,'svetiktschay@gmail.com','Y'),(139,635,'swaty@texity.com','Y'),(140,636,'theresagehler@yahoo.de','Y'),(141,638,'tialovesart@gmail.com','Y'),(142,639,'AGNIUMA23@GMAIL.COM','Y'),(143,640,'verabosch@tiscali.nl','Y'),(144,641,'woltaire.vana@yahoo.fr','Y'),(145,642,'andre@auroville.org.in','Y'),(146,644,'chrisoconnelav@live.com','Y'),(147,645,'maya@auroville.org.in','Y'),(148,646,'tom@auroville.org.in','Y'),(149,649,'tahernapatali@gmail.com','Y'),(152,650,'nicholas.klotz@gmail.com','Y'),(153,652,'milaiba@yahoo.es','Y'),(154,653,'preax@auroville.org.in','Y');
/*!40000 ALTER TABLE `applicant_email` ENABLE KEYS */;
UNLOCK TABLES;

--
-- Table structure for table `applicant_milestones`
--

DROP TABLE IF EXISTS `applicant_milestones`;
/*!40101 SET @saved_cs_client     = @@character_set_client */;
/*!40101 SET character_set_client = utf8 */;
CREATE TABLE `applicant_milestones` (
  `ID` int(11) NOT NULL AUTO_INCREMENT,
  `ApplicantID` int(11) NOT NULL,
  `MilestoneCategoryID` int(11) NOT NULL,
  `Status` enum('Pending','Completed','Cancelled','NA','Extended') NOT NULL,
  `DateCreated` date NOT NULL,
  `DateStarted` date DEFAULT NULL,
  `DateCompleted` date DEFAULT NULL,
  `Description` varchar(128) NOT NULL,
  `Remarks` text,
  `TimelineInterval` smallint(6) NOT NULL,
  `TimelinePeriod` enum('Days','Weeks','Months','Years') NOT NULL,
  `Alert` tinyint(1) NOT NULL,
  `AlertInterval` smallint(6) NOT NULL,
  `AlertPeriod` enum('Days','Weeks','Months','Years') NOT NULL,
  `RepeatAlert` tinyint(1) NOT NULL,
  `IsAlerted` tinyint(1) NOT NULL,
  `SendEmail` tinyint(4) NOT NULL,
  `EmailText` text,
  `IsActive` tinyint(4) NOT NULL,
  `ColorIndicator` varchar(16) NOT NULL,
  PRIMARY KEY (`ID`),
  KEY `IdentityID` (`ApplicantID`),
  KEY `Status` (`Status`),
  KEY `DateCompleted` (`DateCompleted`),
  KEY `Description` (`Description`),
  KEY `MilestoneCategoryID` (`MilestoneCategoryID`),
  CONSTRAINT `applicant_milestones_ibfk_1` FOREIGN KEY (`ApplicantID`) REFERENCES `applicant` (`ID`) ON DELETE CASCADE,
  CONSTRAINT `applicant_milestones_ibfk_2` FOREIGN KEY (`MilestoneCategoryID`) REFERENCES `milestone_category` (`ID`)
) ENGINE=InnoDB AUTO_INCREMENT=5263 DEFAULT CHARSET=latin1;
/*!40101 SET character_set_client = @saved_cs_client */;

--
-- Dumping data for table `applicant_milestones`
--

LOCK TABLES `applicant_milestones` WRITE;
/*!40000 ALTER TABLE `applicant_milestones` DISABLE KEYS */;
INSERT INTO `applicant_milestones` VALUES (3814,493,1,'Pending','2014-07-21',NULL,NULL,'Financial Agreement','',2,'Weeks',1,1,'Weeks',1,0,0,'',0,''),(3815,493,1,'Pending','2014-07-21',NULL,NULL,'Housing Agreement','',2,'Weeks',1,2,'Weeks',1,0,0,'',0,''),(3816,493,1,'Pending','2014-07-21',NULL,NULL,'Health Fund','',2,'Weeks',1,2,'Weeks',1,0,0,'',0,''),(3817,493,1,'Pending','2014-07-21',NULL,NULL,'Aspiration Programme','',2,'Weeks',1,2,'Weeks',1,0,0,'',0,''),(3818,493,1,'Pending','2014-07-21',NULL,NULL,'Contact Person','',2,'Weeks',1,2,'Weeks',1,0,0,'',0,''),(3819,493,2,'Pending','2014-07-21',NULL,NULL,'Self Assessment','',6,'Months',1,2,'Weeks',1,0,0,'',0,''),(3820,493,2,'Pending','2014-07-21',NULL,NULL,'Contact Person Report','',6,'Months',1,2,'Weeks',1,0,0,'',0,''),(3821,493,3,'Pending','2014-07-21',NULL,NULL,'Touch Base','',9,'Months',1,2,'Weeks',1,0,0,'',0,''),(3822,493,2,'Pending','2014-07-21',NULL,NULL,'Signed B-Form','',1,'Weeks',1,1,'Weeks',1,0,0,'',0,''),(3823,494,1,'Pending','2014-07-21',NULL,NULL,'Financial Agreement','',2,'Weeks',1,1,'Weeks',1,0,0,'',0,''),(3824,494,1,'Pending','2014-07-21',NULL,NULL,'Housing Agreement','',2,'Weeks',1,2,'Weeks',1,0,0,'',0,''),(3825,494,1,'Pending','2014-07-21',NULL,NULL,'Health Fund','',2,'Weeks',1,2,'Weeks',1,0,0,'',0,''),(3826,494,1,'Pending','2014-07-21',NULL,NULL,'Aspiration Programme','',2,'Weeks',1,2,'Weeks',1,0,0,'',0,''),(3827,494,1,'Pending','2014-07-21',NULL,NULL,'Contact Person','',2,'Weeks',1,2,'Weeks',1,0,0,'',0,''),(3828,494,2,'Pending','2014-07-21',NULL,NULL,'Self Assessment','',6,'Months',1,2,'Weeks',1,0,0,'',0,''),(3829,494,2,'Pending','2014-07-21',NULL,NULL,'Contact Person Report','',6,'Months',1,2,'Weeks',1,0,0,'',0,''),(3830,494,3,'Pending','2014-07-21',NULL,NULL,'Touch Base','',9,'Months',1,2,'Weeks',1,0,0,'',0,''),(3831,494,2,'Pending','2014-07-21',NULL,NULL,'Signed B-Form','',1,'Weeks',1,1,'Weeks',1,0,0,'',0,''),(3832,495,1,'Pending','2014-07-21',NULL,NULL,'Financial Agreement','',2,'Weeks',1,1,'Weeks',1,0,0,'',0,''),(3833,495,1,'Pending','2014-07-21',NULL,NULL,'Housing Agreement','',2,'Weeks',1,2,'Weeks',1,0,0,'',0,''),(3834,495,1,'Pending','2014-07-21',NULL,NULL,'Health Fund','',2,'Weeks',1,2,'Weeks',1,0,0,'',0,''),(3835,495,1,'Pending','2014-07-21',NULL,NULL,'Aspiration Programme','',2,'Weeks',1,2,'Weeks',1,0,0,'',0,''),(3836,495,1,'Pending','2014-07-21',NULL,NULL,'Contact Person','',2,'Weeks',1,2,'Weeks',1,0,0,'',0,''),(3837,495,2,'Pending','2014-07-21',NULL,NULL,'Self Assessment','',6,'Months',1,2,'Weeks',1,0,0,'',0,''),(3838,495,2,'Pending','2014-07-21',NULL,NULL,'Contact Person Report','',6,'Months',1,2,'Weeks',1,0,0,'',0,''),(3839,495,3,'Pending','2014-07-21',NULL,NULL,'Touch Base','',9,'Months',1,2,'Weeks',1,0,0,'',0,''),(3840,495,2,'Pending','2014-07-21',NULL,NULL,'Signed B-Form','',1,'Weeks',1,1,'Weeks',1,0,0,'',0,''),(3841,496,1,'Pending','2014-07-21',NULL,NULL,'Financial Agreement','',2,'Weeks',1,1,'Weeks',1,0,0,'',0,''),(3842,496,1,'Pending','2014-07-21',NULL,NULL,'Housing Agreement','',2,'Weeks',1,2,'Weeks',1,0,0,'',0,''),(3843,496,1,'Pending','2014-07-21',NULL,NULL,'Health Fund','',2,'Weeks',1,2,'Weeks',1,0,0,'',0,''),(3844,496,1,'Pending','2014-07-21',NULL,NULL,'Aspiration Programme','',2,'Weeks',1,2,'Weeks',1,0,0,'',0,''),(3845,496,1,'Pending','2014-07-21',NULL,NULL,'Contact Person','',2,'Weeks',1,2,'Weeks',1,0,0,'',0,''),(3846,496,2,'Pending','2014-07-21',NULL,NULL,'Self Assessment','',6,'Months',1,2,'Weeks',1,0,0,'',0,''),(3847,496,2,'Pending','2014-07-21',NULL,NULL,'Contact Person Report','',6,'Months',1,2,'Weeks',1,0,0,'',0,''),(3848,496,3,'Pending','2014-07-21',NULL,NULL,'Touch Base','',9,'Months',1,2,'Weeks',1,0,0,'',0,''),(3849,496,2,'Pending','2014-07-21',NULL,NULL,'Signed B-Form','',1,'Weeks',1,1,'Weeks',1,0,0,'',0,''),(3850,497,1,'Pending','2014-07-21',NULL,NULL,'Financial Agreement','',2,'Weeks',1,1,'Weeks',1,0,0,'',0,''),(3851,497,1,'Pending','2014-07-21',NULL,NULL,'Housing Agreement','',2,'Weeks',1,2,'Weeks',1,0,0,'',0,''),(3852,497,1,'Pending','2014-07-21',NULL,NULL,'Health Fund','',2,'Weeks',1,2,'Weeks',1,0,0,'',0,''),(3853,497,1,'Pending','2014-07-21',NULL,NULL,'Aspiration Programme','',2,'Weeks',1,2,'Weeks',1,0,0,'',0,''),(3854,497,1,'Pending','2014-07-21',NULL,NULL,'Contact Person','',2,'Weeks',1,2,'Weeks',1,0,0,'',0,''),(3855,497,2,'Pending','2014-07-21',NULL,NULL,'Self Assessment','',6,'Months',1,2,'Weeks',1,0,0,'',0,''),(3856,497,2,'Pending','2014-07-21',NULL,NULL,'Contact Person Report','',6,'Months',1,2,'Weeks',1,0,0,'',0,''),(3857,497,3,'Pending','2014-07-21',NULL,NULL,'Touch Base','',9,'Months',1,2,'Weeks',1,0,0,'',0,''),(3858,497,2,'Pending','2014-07-21',NULL,NULL,'Signed B-Form','',1,'Weeks',1,1,'Weeks',1,0,0,'',0,''),(3859,498,1,'Pending','2014-07-21',NULL,NULL,'Financial Agreement','',2,'Weeks',1,1,'Weeks',1,0,0,'',0,''),(3860,498,1,'Pending','2014-07-21',NULL,NULL,'Housing Agreement','',2,'Weeks',1,2,'Weeks',1,0,0,'',0,''),(3861,498,1,'Pending','2014-07-21',NULL,NULL,'Health Fund','',2,'Weeks',1,2,'Weeks',1,0,0,'',0,''),(3862,498,1,'Pending','2014-07-21',NULL,NULL,'Aspiration Programme','',2,'Weeks',1,2,'Weeks',1,0,0,'',0,''),(3863,498,1,'Pending','2014-07-21',NULL,NULL,'Contact Person','',2,'Weeks',1,2,'Weeks',1,0,0,'',0,''),(3864,498,2,'Pending','2014-07-21',NULL,NULL,'Self Assessment','',6,'Months',1,2,'Weeks',1,0,0,'',0,''),(3865,498,2,'Pending','2014-07-21',NULL,NULL,'Contact Person Report','',6,'Months',1,2,'Weeks',1,0,0,'',0,''),(3866,498,3,'Pending','2014-07-21',NULL,NULL,'Touch Base','',9,'Months',1,2,'Weeks',1,0,0,'',0,''),(3867,498,2,'Pending','2014-07-21',NULL,NULL,'Signed B-Form','',1,'Weeks',1,1,'Weeks',1,0,0,'',0,''),(3868,499,1,'Pending','2014-07-21',NULL,NULL,'Financial Agreement','',2,'Weeks',1,1,'Weeks',1,0,0,'',0,''),(3869,499,1,'Pending','2014-07-21',NULL,NULL,'Housing Agreement','',2,'Weeks',1,2,'Weeks',1,0,0,'',0,''),(3870,499,1,'Pending','2014-07-21',NULL,NULL,'Health Fund','',2,'Weeks',1,2,'Weeks',1,0,0,'',0,''),(3871,499,1,'Pending','2014-07-21',NULL,NULL,'Aspiration Programme','',2,'Weeks',1,2,'Weeks',1,0,0,'',0,''),(3872,499,1,'Pending','2014-07-21',NULL,NULL,'Contact Person','',2,'Weeks',1,2,'Weeks',1,0,0,'',0,''),(3873,499,2,'Pending','2014-07-21',NULL,NULL,'Self Assessment','',6,'Months',1,2,'Weeks',1,0,0,'',0,''),(3874,499,2,'Pending','2014-07-21',NULL,NULL,'Contact Person Report','',6,'Months',1,2,'Weeks',1,0,0,'',0,''),(3875,499,3,'Pending','2014-07-21',NULL,NULL,'Touch Base','',9,'Months',1,2,'Weeks',1,0,0,'',0,''),(3876,499,2,'Pending','2014-07-21',NULL,NULL,'Signed B-Form','',1,'Weeks',1,1,'Weeks',1,0,0,'',0,''),(3877,500,1,'Pending','2014-07-21',NULL,NULL,'Financial Agreement','',2,'Weeks',1,1,'Weeks',1,0,0,'',0,''),(3878,500,1,'Pending','2014-07-21',NULL,NULL,'Housing Agreement','',2,'Weeks',1,2,'Weeks',1,0,0,'',0,''),(3879,500,1,'Pending','2014-07-21',NULL,NULL,'Health Fund','',2,'Weeks',1,2,'Weeks',1,0,0,'',0,''),(3880,500,1,'Pending','2014-07-21',NULL,NULL,'Aspiration Programme','',2,'Weeks',1,2,'Weeks',1,0,0,'',0,''),(3881,500,1,'Pending','2014-07-21',NULL,NULL,'Contact Person','',2,'Weeks',1,2,'Weeks',1,0,0,'',0,''),(3882,500,2,'Pending','2014-07-21',NULL,NULL,'Self Assessment','',6,'Months',1,2,'Weeks',1,0,0,'',0,''),(3883,500,2,'Pending','2014-07-21',NULL,NULL,'Contact Person Report','',6,'Months',1,2,'Weeks',1,0,0,'',0,''),(3884,500,3,'Pending','2014-07-21',NULL,NULL,'Touch Base','',9,'Months',1,2,'Weeks',1,0,0,'',0,''),(3885,500,2,'Pending','2014-07-21',NULL,NULL,'Signed B-Form','',1,'Weeks',1,1,'Weeks',1,0,0,'',0,''),(3886,501,1,'Pending','2014-07-21',NULL,NULL,'Financial Agreement','',2,'Weeks',1,1,'Weeks',1,0,0,'',0,''),(3887,501,1,'Pending','2014-07-21',NULL,NULL,'Housing Agreement','',2,'Weeks',1,2,'Weeks',1,0,0,'',0,''),(3888,501,1,'Pending','2014-07-21',NULL,NULL,'Health Fund','',2,'Weeks',1,2,'Weeks',1,0,0,'',0,''),(3889,501,1,'Pending','2014-07-21',NULL,NULL,'Aspiration Programme','',2,'Weeks',1,2,'Weeks',1,0,0,'',0,''),(3890,501,1,'Pending','2014-07-21',NULL,NULL,'Contact Person','',2,'Weeks',1,2,'Weeks',1,0,0,'',0,''),(3891,501,2,'Pending','2014-07-21',NULL,NULL,'Self Assessment','',6,'Months',1,2,'Weeks',1,0,0,'',0,''),(3892,501,2,'Pending','2014-07-21',NULL,NULL,'Contact Person Report','',6,'Months',1,2,'Weeks',1,0,0,'',0,''),(3893,501,3,'Pending','2014-07-21',NULL,NULL,'Touch Base','',9,'Months',1,2,'Weeks',1,0,0,'',0,''),(3894,501,2,'Pending','2014-07-21',NULL,NULL,'Signed B-Form','',1,'Weeks',1,1,'Weeks',1,0,0,'',0,''),(3895,502,1,'Pending','2014-07-21',NULL,NULL,'Financial Agreement','',2,'Weeks',1,1,'Weeks',1,0,0,'',0,''),(3896,502,1,'Pending','2014-07-21',NULL,NULL,'Housing Agreement','',2,'Weeks',1,2,'Weeks',1,0,0,'',0,''),(3897,502,1,'Pending','2014-07-21',NULL,NULL,'Health Fund','',2,'Weeks',1,2,'Weeks',1,0,0,'',0,''),(3898,502,1,'Pending','2014-07-21',NULL,NULL,'Aspiration Programme','',2,'Weeks',1,2,'Weeks',1,0,0,'',0,''),(3899,502,1,'Pending','2014-07-21',NULL,NULL,'Contact Person','',2,'Weeks',1,2,'Weeks',1,0,0,'',0,''),(3900,502,2,'Pending','2014-07-21',NULL,NULL,'Self Assessment','',6,'Months',1,2,'Weeks',1,0,0,'',0,''),(3901,502,2,'Pending','2014-07-21',NULL,NULL,'Contact Person Report','',6,'Months',1,2,'Weeks',1,0,0,'',0,''),(3902,502,3,'Pending','2014-07-21',NULL,NULL,'Touch Base','',9,'Months',1,2,'Weeks',1,0,0,'',0,''),(3903,502,2,'Pending','2014-07-21',NULL,NULL,'Signed B-Form','',1,'Weeks',1,1,'Weeks',1,0,0,'',0,''),(3904,503,1,'Pending','2014-07-21',NULL,NULL,'Financial Agreement','',2,'Weeks',1,1,'Weeks',1,0,0,'',0,''),(3905,503,1,'Pending','2014-07-21',NULL,NULL,'Housing Agreement','',2,'Weeks',1,2,'Weeks',1,0,0,'',0,''),(3906,503,1,'Pending','2014-07-21',NULL,NULL,'Health Fund','',2,'Weeks',1,2,'Weeks',1,0,0,'',0,''),(3907,503,1,'Pending','2014-07-21',NULL,NULL,'Aspiration Programme','',2,'Weeks',1,2,'Weeks',1,0,0,'',0,''),(3908,503,1,'Pending','2014-07-21',NULL,NULL,'Contact Person','',2,'Weeks',1,2,'Weeks',1,0,0,'',0,''),(3909,503,2,'Pending','2014-07-21',NULL,NULL,'Self Assessment','',6,'Months',1,2,'Weeks',1,0,0,'',0,''),(3910,503,2,'Pending','2014-07-21',NULL,NULL,'Contact Person Report','',6,'Months',1,2,'Weeks',1,0,0,'',0,''),(3911,503,3,'Pending','2014-07-21',NULL,NULL,'Touch Base','',9,'Months',1,2,'Weeks',1,0,0,'',0,''),(3912,503,2,'Pending','2014-07-21',NULL,NULL,'Signed B-Form','',1,'Weeks',1,1,'Weeks',1,0,0,'',0,''),(3913,504,1,'Pending','2014-07-21',NULL,NULL,'Financial Agreement','',2,'Weeks',1,1,'Weeks',1,0,0,'',0,''),(3914,504,1,'Pending','2014-07-21',NULL,NULL,'Housing Agreement','',2,'Weeks',1,2,'Weeks',1,0,0,'',0,''),(3915,504,1,'Pending','2014-07-21',NULL,NULL,'Health Fund','',2,'Weeks',1,2,'Weeks',1,0,0,'',0,''),(3916,504,1,'Pending','2014-07-21',NULL,NULL,'Aspiration Programme','',2,'Weeks',1,2,'Weeks',1,0,0,'',0,''),(3917,504,1,'Pending','2014-07-21',NULL,NULL,'Contact Person','',2,'Weeks',1,2,'Weeks',1,0,0,'',0,''),(3918,504,2,'Pending','2014-07-21',NULL,NULL,'Self Assessment','',6,'Months',1,2,'Weeks',1,0,0,'',0,''),(3919,504,2,'Pending','2014-07-21',NULL,NULL,'Contact Person Report','',6,'Months',1,2,'Weeks',1,0,0,'',0,''),(3920,504,3,'Pending','2014-07-21',NULL,NULL,'Touch Base','',9,'Months',1,2,'Weeks',1,0,0,'',0,''),(3921,504,2,'Pending','2014-07-21',NULL,NULL,'Signed B-Form','',1,'Weeks',1,1,'Weeks',1,0,0,'',0,''),(3922,505,1,'Pending','2014-07-21',NULL,NULL,'Financial Agreement','',2,'Weeks',1,1,'Weeks',1,0,0,'',0,''),(3923,505,1,'Pending','2014-07-21',NULL,NULL,'Housing Agreement','',2,'Weeks',1,2,'Weeks',1,0,0,'',0,''),(3924,505,1,'Pending','2014-07-21',NULL,NULL,'Health Fund','',2,'Weeks',1,2,'Weeks',1,0,0,'',0,''),(3925,505,1,'Pending','2014-07-21',NULL,NULL,'Aspiration Programme','',2,'Weeks',1,2,'Weeks',1,0,0,'',0,''),(3926,505,1,'Pending','2014-07-21',NULL,NULL,'Contact Person','',2,'Weeks',1,2,'Weeks',1,0,0,'',0,''),(3927,505,2,'Pending','2014-07-21',NULL,NULL,'Self Assessment','',6,'Months',1,2,'Weeks',1,0,0,'',0,''),(3928,505,2,'Pending','2014-07-21',NULL,NULL,'Contact Person Report','',6,'Months',1,2,'Weeks',1,0,0,'',0,''),(3929,505,3,'Pending','2014-07-21',NULL,NULL,'Touch Base','',9,'Months',1,2,'Weeks',1,0,0,'',0,''),(3930,505,2,'Pending','2014-07-21',NULL,NULL,'Signed B-Form','',1,'Weeks',1,1,'Weeks',1,0,0,'',0,''),(3931,506,1,'Pending','2014-07-21',NULL,NULL,'Financial Agreement','',2,'Weeks',1,1,'Weeks',1,0,0,'',0,''),(3932,506,1,'Pending','2014-07-21',NULL,NULL,'Housing Agreement','',2,'Weeks',1,2,'Weeks',1,0,0,'',0,''),(3933,506,1,'Pending','2014-07-21',NULL,NULL,'Health Fund','',2,'Weeks',1,2,'Weeks',1,0,0,'',0,''),(3934,506,1,'Pending','2014-07-21',NULL,NULL,'Aspiration Programme','',2,'Weeks',1,2,'Weeks',1,0,0,'',0,''),(3935,506,1,'Pending','2014-07-21',NULL,NULL,'Contact Person','',2,'Weeks',1,2,'Weeks',1,0,0,'',0,''),(3936,506,2,'Pending','2014-07-21',NULL,NULL,'Self Assessment','',6,'Months',1,2,'Weeks',1,0,0,'',0,''),(3937,506,2,'Pending','2014-07-21',NULL,NULL,'Contact Person Report','',6,'Months',1,2,'Weeks',1,0,0,'',0,''),(3938,506,3,'Pending','2014-07-21',NULL,NULL,'Touch Base','',9,'Months',1,2,'Weeks',1,0,0,'',0,''),(3939,506,2,'Pending','2014-07-21',NULL,NULL,'Signed B-Form','',1,'Weeks',1,1,'Weeks',1,0,0,'',0,''),(3940,507,1,'Pending','2014-07-21',NULL,NULL,'Financial Agreement','',2,'Weeks',1,1,'Weeks',1,0,0,'',0,''),(3941,507,1,'Pending','2014-07-21',NULL,NULL,'Housing Agreement','',2,'Weeks',1,2,'Weeks',1,0,0,'',0,''),(3942,507,1,'Pending','2014-07-21',NULL,NULL,'Health Fund','',2,'Weeks',1,2,'Weeks',1,0,0,'',0,''),(3943,507,1,'Pending','2014-07-21',NULL,NULL,'Aspiration Programme','',2,'Weeks',1,2,'Weeks',1,0,0,'',0,''),(3944,507,1,'Pending','2014-07-21',NULL,NULL,'Contact Person','',2,'Weeks',1,2,'Weeks',1,0,0,'',0,''),(3945,507,2,'Pending','2014-07-21',NULL,NULL,'Self Assessment','',6,'Months',1,2,'Weeks',1,0,0,'',0,''),(3946,507,2,'Pending','2014-07-21',NULL,NULL,'Contact Person Report','',6,'Months',1,2,'Weeks',1,0,0,'',0,''),(3947,507,3,'Pending','2014-07-21',NULL,NULL,'Touch Base','',9,'Months',1,2,'Weeks',1,0,0,'',0,''),(3948,507,2,'Pending','2014-07-21',NULL,NULL,'Signed B-Form','',1,'Weeks',1,1,'Weeks',1,0,0,'',0,''),(3949,508,1,'Pending','2014-07-21',NULL,NULL,'Financial Agreement','',2,'Weeks',1,1,'Weeks',1,0,0,'',0,''),(3950,508,1,'Pending','2014-07-21',NULL,NULL,'Housing Agreement','',2,'Weeks',1,2,'Weeks',1,0,0,'',0,''),(3951,508,1,'Pending','2014-07-21',NULL,NULL,'Health Fund','',2,'Weeks',1,2,'Weeks',1,0,0,'',0,''),(3952,508,1,'Pending','2014-07-21',NULL,NULL,'Aspiration Programme','',2,'Weeks',1,2,'Weeks',1,0,0,'',0,''),(3953,508,1,'Pending','2014-07-21',NULL,NULL,'Contact Person','',2,'Weeks',1,2,'Weeks',1,0,0,'',0,''),(3954,508,2,'Pending','2014-07-21',NULL,NULL,'Self Assessment','',6,'Months',1,2,'Weeks',1,0,0,'',0,''),(3955,508,2,'Pending','2014-07-21',NULL,NULL,'Contact Person Report','',6,'Months',1,2,'Weeks',1,0,0,'',0,''),(3956,508,3,'Pending','2014-07-21',NULL,NULL,'Touch Base','',9,'Months',1,2,'Weeks',1,0,0,'',0,''),(3957,508,2,'Pending','2014-07-21',NULL,NULL,'Signed B-Form','',1,'Weeks',1,1,'Weeks',1,0,0,'',0,''),(3958,509,1,'Pending','2014-07-21',NULL,NULL,'Financial Agreement','',2,'Weeks',1,1,'Weeks',1,0,0,'',0,''),(3959,509,1,'Pending','2014-07-21',NULL,NULL,'Housing Agreement','',2,'Weeks',1,2,'Weeks',1,0,0,'',0,''),(3960,509,1,'Pending','2014-07-21',NULL,NULL,'Health Fund','',2,'Weeks',1,2,'Weeks',1,0,0,'',0,''),(3961,509,1,'Pending','2014-07-21',NULL,NULL,'Aspiration Programme','',2,'Weeks',1,2,'Weeks',1,0,0,'',0,''),(3962,509,1,'Pending','2014-07-21',NULL,NULL,'Contact Person','',2,'Weeks',1,2,'Weeks',1,0,0,'',0,''),(3963,509,2,'Pending','2014-07-21',NULL,NULL,'Self Assessment','',6,'Months',1,2,'Weeks',1,0,0,'',0,''),(3964,509,2,'Pending','2014-07-21',NULL,NULL,'Contact Person Report','',6,'Months',1,2,'Weeks',1,0,0,'',0,''),(3965,509,3,'Pending','2014-07-21',NULL,NULL,'Touch Base','',9,'Months',1,2,'Weeks',1,0,0,'',0,''),(3966,509,2,'Pending','2014-07-21',NULL,NULL,'Signed B-Form','',1,'Weeks',1,1,'Weeks',1,0,0,'',0,''),(3967,510,1,'Pending','2014-07-21',NULL,NULL,'Financial Agreement','',2,'Weeks',1,1,'Weeks',1,0,0,'',0,''),(3968,510,1,'Pending','2014-07-21',NULL,NULL,'Housing Agreement','',2,'Weeks',1,2,'Weeks',1,0,0,'',0,''),(3969,510,1,'Pending','2014-07-21',NULL,NULL,'Health Fund','',2,'Weeks',1,2,'Weeks',1,0,0,'',0,''),(3970,510,1,'Pending','2014-07-21',NULL,NULL,'Aspiration Programme','',2,'Weeks',1,2,'Weeks',1,0,0,'',0,''),(3971,510,1,'Pending','2014-07-21',NULL,NULL,'Contact Person','',2,'Weeks',1,2,'Weeks',1,0,0,'',0,''),(3972,510,2,'Pending','2014-07-21',NULL,NULL,'Self Assessment','',6,'Months',1,2,'Weeks',1,0,0,'',0,''),(3973,510,2,'Pending','2014-07-21',NULL,NULL,'Contact Person Report','',6,'Months',1,2,'Weeks',1,0,0,'',0,''),(3974,510,3,'Pending','2014-07-21',NULL,NULL,'Touch Base','',9,'Months',1,2,'Weeks',1,0,0,'',0,''),(3975,510,2,'Pending','2014-07-21',NULL,NULL,'Signed B-Form','',1,'Weeks',1,1,'Weeks',1,0,0,'',0,''),(3976,511,1,'Pending','2014-07-21',NULL,NULL,'Financial Agreement','',2,'Weeks',1,1,'Weeks',1,0,0,'',0,''),(3977,511,1,'Pending','2014-07-21',NULL,NULL,'Housing Agreement','',2,'Weeks',1,2,'Weeks',1,0,0,'',0,''),(3978,511,1,'Pending','2014-07-21',NULL,NULL,'Health Fund','',2,'Weeks',1,2,'Weeks',1,0,0,'',0,''),(3979,511,1,'Pending','2014-07-21',NULL,NULL,'Aspiration Programme','',2,'Weeks',1,2,'Weeks',1,0,0,'',0,''),(3980,511,1,'Pending','2014-07-21',NULL,NULL,'Contact Person','',2,'Weeks',1,2,'Weeks',1,0,0,'',0,''),(3981,511,2,'Pending','2014-07-21',NULL,NULL,'Self Assessment','',6,'Months',1,2,'Weeks',1,0,0,'',0,''),(3982,511,2,'Pending','2014-07-21',NULL,NULL,'Contact Person Report','',6,'Months',1,2,'Weeks',1,0,0,'',0,''),(3983,511,3,'Pending','2014-07-21',NULL,NULL,'Touch Base','',9,'Months',1,2,'Weeks',1,0,0,'',0,''),(3984,511,2,'Pending','2014-07-21',NULL,NULL,'Signed B-Form','',1,'Weeks',1,1,'Weeks',1,0,0,'',0,''),(3985,512,1,'Pending','2014-07-21',NULL,NULL,'Financial Agreement','',2,'Weeks',1,1,'Weeks',1,0,0,'',0,''),(3986,512,1,'Pending','2014-07-21',NULL,NULL,'Housing Agreement','',2,'Weeks',1,2,'Weeks',1,0,0,'',0,''),(3987,512,1,'Pending','2014-07-21',NULL,NULL,'Health Fund','',2,'Weeks',1,2,'Weeks',1,0,0,'',0,''),(3988,512,1,'Pending','2014-07-21',NULL,NULL,'Aspiration Programme','',2,'Weeks',1,2,'Weeks',1,0,0,'',0,''),(3989,512,1,'Pending','2014-07-21',NULL,NULL,'Contact Person','',2,'Weeks',1,2,'Weeks',1,0,0,'',0,''),(3990,512,2,'Pending','2014-07-21',NULL,NULL,'Self Assessment','',6,'Months',1,2,'Weeks',1,0,0,'',0,''),(3991,512,2,'Pending','2014-07-21',NULL,NULL,'Contact Person Report','',6,'Months',1,2,'Weeks',1,0,0,'',0,''),(3992,512,3,'Pending','2014-07-21',NULL,NULL,'Touch Base','',9,'Months',1,2,'Weeks',1,0,0,'',0,''),(3993,512,2,'Pending','2014-07-21',NULL,NULL,'Signed B-Form','',1,'Weeks',1,1,'Weeks',1,0,0,'',0,''),(3994,513,1,'Pending','2014-07-21',NULL,NULL,'Financial Agreement','',2,'Weeks',1,1,'Weeks',1,0,0,'',0,''),(3995,513,1,'Pending','2014-07-21',NULL,NULL,'Housing Agreement','',2,'Weeks',1,2,'Weeks',1,0,0,'',0,''),(3996,513,1,'Pending','2014-07-21',NULL,NULL,'Health Fund','',2,'Weeks',1,2,'Weeks',1,0,0,'',0,''),(3997,513,1,'Pending','2014-07-21',NULL,NULL,'Aspiration Programme','',2,'Weeks',1,2,'Weeks',1,0,0,'',0,''),(3998,513,1,'Pending','2014-07-21',NULL,NULL,'Contact Person','',2,'Weeks',1,2,'Weeks',1,0,0,'',0,''),(3999,513,2,'Pending','2014-07-21',NULL,NULL,'Self Assessment','',6,'Months',1,2,'Weeks',1,0,0,'',0,''),(4000,513,2,'Pending','2014-07-21',NULL,NULL,'Contact Person Report','',6,'Months',1,2,'Weeks',1,0,0,'',0,''),(4001,513,3,'Pending','2014-07-21',NULL,NULL,'Touch Base','',9,'Months',1,2,'Weeks',1,0,0,'',0,''),(4002,513,2,'Pending','2014-07-21',NULL,NULL,'Signed B-Form','',1,'Weeks',1,1,'Weeks',1,0,0,'',0,''),(4003,514,1,'Pending','2014-07-21',NULL,NULL,'Financial Agreement','',2,'Weeks',1,1,'Weeks',1,0,0,'',0,''),(4004,514,1,'Pending','2014-07-21',NULL,NULL,'Housing Agreement','',2,'Weeks',1,2,'Weeks',1,0,0,'',0,''),(4005,514,1,'Pending','2014-07-21',NULL,NULL,'Health Fund','',2,'Weeks',1,2,'Weeks',1,0,0,'',0,''),(4006,514,1,'Pending','2014-07-21',NULL,NULL,'Aspiration Programme','',2,'Weeks',1,2,'Weeks',1,0,0,'',0,''),(4007,514,1,'Pending','2014-07-21',NULL,NULL,'Contact Person','',2,'Weeks',1,2,'Weeks',1,0,0,'',0,''),(4008,514,2,'Pending','2014-07-21',NULL,NULL,'Self Assessment','',6,'Months',1,2,'Weeks',1,0,0,'',0,''),(4009,514,2,'Pending','2014-07-21',NULL,NULL,'Contact Person Report','',6,'Months',1,2,'Weeks',1,0,0,'',0,''),(4010,514,3,'Pending','2014-07-21',NULL,NULL,'Touch Base','',9,'Months',1,2,'Weeks',1,0,0,'',0,''),(4011,514,2,'Pending','2014-07-21',NULL,NULL,'Signed B-Form','',1,'Weeks',1,1,'Weeks',1,0,0,'',0,''),(4012,515,1,'Pending','2014-07-21',NULL,NULL,'Financial Agreement','',2,'Weeks',1,1,'Weeks',1,0,0,'',0,''),(4013,515,1,'Pending','2014-07-21',NULL,NULL,'Housing Agreement','',2,'Weeks',1,2,'Weeks',1,0,0,'',0,''),(4014,515,1,'Pending','2014-07-21',NULL,NULL,'Health Fund','',2,'Weeks',1,2,'Weeks',1,0,0,'',0,''),(4015,515,1,'Pending','2014-07-21',NULL,NULL,'Aspiration Programme','',2,'Weeks',1,2,'Weeks',1,0,0,'',0,''),(4016,515,1,'Pending','2014-07-21',NULL,NULL,'Contact Person','',2,'Weeks',1,2,'Weeks',1,0,0,'',0,''),(4017,515,2,'Pending','2014-07-21',NULL,NULL,'Self Assessment','',6,'Months',1,2,'Weeks',1,0,0,'',0,''),(4018,515,2,'Pending','2014-07-21',NULL,NULL,'Contact Person Report','',6,'Months',1,2,'Weeks',1,0,0,'',0,''),(4019,515,3,'Pending','2014-07-21',NULL,NULL,'Touch Base','',9,'Months',1,2,'Weeks',1,0,0,'',0,''),(4020,515,2,'Pending','2014-07-21',NULL,NULL,'Signed B-Form','',1,'Weeks',1,1,'Weeks',1,0,0,'',0,''),(4021,516,1,'Pending','2014-07-21',NULL,NULL,'Financial Agreement','',2,'Weeks',1,1,'Weeks',1,0,0,'',0,''),(4022,516,1,'Pending','2014-07-21',NULL,NULL,'Housing Agreement','',2,'Weeks',1,2,'Weeks',1,0,0,'',0,''),(4023,516,1,'Pending','2014-07-21',NULL,NULL,'Health Fund','',2,'Weeks',1,2,'Weeks',1,0,0,'',0,''),(4024,516,1,'Pending','2014-07-21',NULL,NULL,'Aspiration Programme','',2,'Weeks',1,2,'Weeks',1,0,0,'',0,''),(4025,516,1,'Pending','2014-07-21',NULL,NULL,'Contact Person','',2,'Weeks',1,2,'Weeks',1,0,0,'',0,''),(4026,516,2,'Pending','2014-07-21',NULL,NULL,'Self Assessment','',6,'Months',1,2,'Weeks',1,0,0,'',0,''),(4027,516,2,'Pending','2014-07-21',NULL,NULL,'Contact Person Report','',6,'Months',1,2,'Weeks',1,0,0,'',0,''),(4028,516,3,'Pending','2014-07-21',NULL,NULL,'Touch Base','',9,'Months',1,2,'Weeks',1,0,0,'',0,''),(4029,516,2,'Pending','2014-07-21',NULL,NULL,'Signed B-Form','',1,'Weeks',1,1,'Weeks',1,0,0,'',0,''),(4030,517,1,'Pending','2014-07-21',NULL,NULL,'Financial Agreement','',2,'Weeks',1,1,'Weeks',1,0,0,'',0,''),(4031,517,1,'Pending','2014-07-21',NULL,NULL,'Housing Agreement','',2,'Weeks',1,2,'Weeks',1,0,0,'',0,''),(4032,517,1,'Pending','2014-07-21',NULL,NULL,'Health Fund','',2,'Weeks',1,2,'Weeks',1,0,0,'',0,''),(4033,517,1,'Pending','2014-07-21',NULL,NULL,'Aspiration Programme','',2,'Weeks',1,2,'Weeks',1,0,0,'',0,''),(4034,517,1,'Pending','2014-07-21',NULL,NULL,'Contact Person','',2,'Weeks',1,2,'Weeks',1,0,0,'',0,''),(4035,517,2,'Pending','2014-07-21',NULL,NULL,'Self Assessment','',6,'Months',1,2,'Weeks',1,0,0,'',0,''),(4036,517,2,'Pending','2014-07-21',NULL,NULL,'Contact Person Report','',6,'Months',1,2,'Weeks',1,0,0,'',0,''),(4037,517,3,'Pending','2014-07-21',NULL,NULL,'Touch Base','',9,'Months',1,2,'Weeks',1,0,0,'',0,''),(4038,517,2,'Pending','2014-07-21',NULL,NULL,'Signed B-Form','',1,'Weeks',1,1,'Weeks',1,0,0,'',0,''),(4039,518,1,'Pending','2014-07-21',NULL,NULL,'Financial Agreement','',2,'Weeks',1,1,'Weeks',1,0,0,'',0,''),(4040,518,1,'Pending','2014-07-21',NULL,NULL,'Housing Agreement','',2,'Weeks',1,2,'Weeks',1,0,0,'',0,''),(4041,518,1,'Pending','2014-07-21',NULL,NULL,'Health Fund','',2,'Weeks',1,2,'Weeks',1,0,0,'',0,''),(4042,518,1,'Pending','2014-07-21',NULL,NULL,'Aspiration Programme','',2,'Weeks',1,2,'Weeks',1,0,0,'',0,''),(4043,518,1,'Pending','2014-07-21',NULL,NULL,'Contact Person','',2,'Weeks',1,2,'Weeks',1,0,0,'',0,''),(4044,518,2,'Pending','2014-07-21',NULL,NULL,'Self Assessment','',6,'Months',1,2,'Weeks',1,0,0,'',0,''),(4045,518,2,'Pending','2014-07-21',NULL,NULL,'Contact Person Report','',6,'Months',1,2,'Weeks',1,0,0,'',0,''),(4046,518,3,'Pending','2014-07-21',NULL,NULL,'Touch Base','',9,'Months',1,2,'Weeks',1,0,0,'',0,''),(4047,518,2,'Pending','2014-07-21',NULL,NULL,'Signed B-Form','',1,'Weeks',1,1,'Weeks',1,0,0,'',0,''),(4048,519,1,'Pending','2014-07-21',NULL,NULL,'Financial Agreement','',2,'Weeks',1,1,'Weeks',1,0,0,'',0,''),(4049,519,1,'Pending','2014-07-21',NULL,NULL,'Housing Agreement','',2,'Weeks',1,2,'Weeks',1,0,0,'',0,''),(4050,519,1,'Pending','2014-07-21',NULL,NULL,'Health Fund','',2,'Weeks',1,2,'Weeks',1,0,0,'',0,''),(4051,519,1,'Pending','2014-07-21',NULL,NULL,'Aspiration Programme','',2,'Weeks',1,2,'Weeks',1,0,0,'',0,''),(4052,519,1,'Pending','2014-07-21',NULL,NULL,'Contact Person','',2,'Weeks',1,2,'Weeks',1,0,0,'',0,''),(4053,519,2,'Pending','2014-07-21',NULL,NULL,'Self Assessment','',6,'Months',1,2,'Weeks',1,0,0,'',0,''),(4054,519,2,'Pending','2014-07-21',NULL,NULL,'Contact Person Report','',6,'Months',1,2,'Weeks',1,0,0,'',0,''),(4055,519,3,'Pending','2014-07-21',NULL,NULL,'Touch Base','',9,'Months',1,2,'Weeks',1,0,0,'',0,''),(4056,519,2,'Pending','2014-07-21',NULL,NULL,'Signed B-Form','',1,'Weeks',1,1,'Weeks',1,0,0,'',0,''),(4057,520,1,'Pending','2014-07-21',NULL,NULL,'Financial Agreement','',2,'Weeks',1,1,'Weeks',1,0,0,'',0,''),(4058,520,1,'Pending','2014-07-21',NULL,NULL,'Housing Agreement','',2,'Weeks',1,2,'Weeks',1,0,0,'',0,''),(4059,520,1,'Pending','2014-07-21',NULL,NULL,'Health Fund','',2,'Weeks',1,2,'Weeks',1,0,0,'',0,''),(4060,520,1,'Pending','2014-07-21',NULL,NULL,'Aspiration Programme','',2,'Weeks',1,2,'Weeks',1,0,0,'',0,''),(4061,520,1,'Pending','2014-07-21',NULL,NULL,'Contact Person','',2,'Weeks',1,2,'Weeks',1,0,0,'',0,''),(4062,520,2,'Pending','2014-07-21',NULL,NULL,'Self Assessment','',6,'Months',1,2,'Weeks',1,0,0,'',0,''),(4063,520,2,'Pending','2014-07-21',NULL,NULL,'Contact Person Report','',6,'Months',1,2,'Weeks',1,0,0,'',0,''),(4064,520,3,'Pending','2014-07-21',NULL,NULL,'Touch Base','',9,'Months',1,2,'Weeks',1,0,0,'',0,''),(4065,520,2,'Pending','2014-07-21',NULL,NULL,'Signed B-Form','',1,'Weeks',1,1,'Weeks',1,0,0,'',0,''),(4066,521,1,'Pending','2014-07-21',NULL,NULL,'Financial Agreement','',2,'Weeks',1,1,'Weeks',1,0,0,'',0,''),(4067,521,1,'Pending','2014-07-21',NULL,NULL,'Housing Agreement','',2,'Weeks',1,2,'Weeks',1,0,0,'',0,''),(4068,521,1,'Pending','2014-07-21',NULL,NULL,'Health Fund','',2,'Weeks',1,2,'Weeks',1,0,0,'',0,''),(4069,521,1,'Pending','2014-07-21',NULL,NULL,'Aspiration Programme','',2,'Weeks',1,2,'Weeks',1,0,0,'',0,''),(4070,521,1,'Pending','2014-07-21',NULL,NULL,'Contact Person','',2,'Weeks',1,2,'Weeks',1,0,0,'',0,''),(4071,521,2,'Pending','2014-07-21',NULL,NULL,'Self Assessment','',6,'Months',1,2,'Weeks',1,0,0,'',0,''),(4072,521,2,'Pending','2014-07-21',NULL,NULL,'Contact Person Report','',6,'Months',1,2,'Weeks',1,0,0,'',0,''),(4073,521,3,'Pending','2014-07-21',NULL,NULL,'Touch Base','',9,'Months',1,2,'Weeks',1,0,0,'',0,''),(4074,521,2,'Pending','2014-07-21',NULL,NULL,'Signed B-Form','',1,'Weeks',1,1,'Weeks',1,0,0,'',0,''),(4075,522,1,'Pending','2014-07-21',NULL,NULL,'Financial Agreement','',2,'Weeks',1,1,'Weeks',1,0,0,'',0,''),(4076,522,1,'Pending','2014-07-21',NULL,NULL,'Housing Agreement','',2,'Weeks',1,2,'Weeks',1,0,0,'',0,''),(4077,522,1,'Pending','2014-07-21',NULL,NULL,'Health Fund','',2,'Weeks',1,2,'Weeks',1,0,0,'',0,''),(4078,522,1,'Pending','2014-07-21',NULL,NULL,'Aspiration Programme','',2,'Weeks',1,2,'Weeks',1,0,0,'',0,''),(4079,522,1,'Pending','2014-07-21',NULL,NULL,'Contact Person','',2,'Weeks',1,2,'Weeks',1,0,0,'',0,''),(4080,522,2,'Pending','2014-07-21',NULL,NULL,'Self Assessment','',6,'Months',1,2,'Weeks',1,0,0,'',0,''),(4081,522,2,'Pending','2014-07-21',NULL,NULL,'Contact Person Report','',6,'Months',1,2,'Weeks',1,0,0,'',0,''),(4082,522,3,'Pending','2014-07-21',NULL,NULL,'Touch Base','',9,'Months',1,2,'Weeks',1,0,0,'',0,''),(4083,522,2,'Pending','2014-07-21',NULL,NULL,'Signed B-Form','',1,'Weeks',1,1,'Weeks',1,0,0,'',0,''),(4084,523,1,'Pending','2014-07-21',NULL,NULL,'Financial Agreement','',2,'Weeks',1,1,'Weeks',1,0,0,'',0,''),(4085,523,1,'Pending','2014-07-21',NULL,NULL,'Housing Agreement','',2,'Weeks',1,2,'Weeks',1,0,0,'',0,''),(4086,523,1,'Pending','2014-07-21',NULL,NULL,'Health Fund','',2,'Weeks',1,2,'Weeks',1,0,0,'',0,''),(4087,523,1,'Pending','2014-07-21',NULL,NULL,'Aspiration Programme','',2,'Weeks',1,2,'Weeks',1,0,0,'',0,''),(4088,523,1,'Pending','2014-07-21',NULL,NULL,'Contact Person','',2,'Weeks',1,2,'Weeks',1,0,0,'',0,''),(4089,523,2,'Pending','2014-07-21',NULL,NULL,'Self Assessment','',6,'Months',1,2,'Weeks',1,0,0,'',0,''),(4090,523,2,'Pending','2014-07-21',NULL,NULL,'Contact Person Report','',6,'Months',1,2,'Weeks',1,0,0,'',0,''),(4091,523,3,'Pending','2014-07-21',NULL,NULL,'Touch Base','',9,'Months',1,2,'Weeks',1,0,0,'',0,''),(4092,523,2,'Pending','2014-07-21',NULL,NULL,'Signed B-Form','',1,'Weeks',1,1,'Weeks',1,0,0,'',0,''),(4093,524,1,'Pending','2014-07-21',NULL,NULL,'Financial Agreement','',2,'Weeks',1,1,'Weeks',1,0,0,'',0,''),(4094,524,1,'Pending','2014-07-21',NULL,NULL,'Housing Agreement','',2,'Weeks',1,2,'Weeks',1,0,0,'',0,''),(4095,524,1,'Pending','2014-07-21',NULL,NULL,'Health Fund','',2,'Weeks',1,2,'Weeks',1,0,0,'',0,''),(4096,524,1,'Pending','2014-07-21',NULL,NULL,'Aspiration Programme','',2,'Weeks',1,2,'Weeks',1,0,0,'',0,''),(4097,524,1,'Pending','2014-07-21',NULL,NULL,'Contact Person','',2,'Weeks',1,2,'Weeks',1,0,0,'',0,''),(4098,524,2,'Pending','2014-07-21',NULL,NULL,'Self Assessment','',6,'Months',1,2,'Weeks',1,0,0,'',0,''),(4099,524,2,'Pending','2014-07-21',NULL,NULL,'Contact Person Report','',6,'Months',1,2,'Weeks',1,0,0,'',0,''),(4100,524,3,'Pending','2014-07-21',NULL,NULL,'Touch Base','',9,'Months',1,2,'Weeks',1,0,0,'',0,''),(4101,524,2,'Pending','2014-07-21',NULL,NULL,'Signed B-Form','',1,'Weeks',1,1,'Weeks',1,0,0,'',0,''),(4102,525,1,'Pending','2014-07-21',NULL,NULL,'Financial Agreement','',2,'Weeks',1,1,'Weeks',1,0,0,'',0,''),(4103,525,1,'Pending','2014-07-21',NULL,NULL,'Housing Agreement','',2,'Weeks',1,2,'Weeks',1,0,0,'',0,''),(4104,525,1,'Pending','2014-07-21',NULL,NULL,'Health Fund','',2,'Weeks',1,2,'Weeks',1,0,0,'',0,''),(4105,525,1,'Pending','2014-07-21',NULL,NULL,'Aspiration Programme','',2,'Weeks',1,2,'Weeks',1,0,0,'',0,''),(4106,525,1,'Pending','2014-07-21',NULL,NULL,'Contact Person','',2,'Weeks',1,2,'Weeks',1,0,0,'',0,''),(4107,525,2,'Pending','2014-07-21',NULL,NULL,'Self Assessment','',6,'Months',1,2,'Weeks',1,0,0,'',0,''),(4108,525,2,'Pending','2014-07-21',NULL,NULL,'Contact Person Report','',6,'Months',1,2,'Weeks',1,0,0,'',0,''),(4109,525,3,'Pending','2014-07-21',NULL,NULL,'Touch Base','',9,'Months',1,2,'Weeks',1,0,0,'',0,''),(4110,525,2,'Pending','2014-07-21',NULL,NULL,'Signed B-Form','',1,'Weeks',1,1,'Weeks',1,0,0,'',0,''),(4111,526,1,'Pending','2014-07-21',NULL,NULL,'Financial Agreement','',2,'Weeks',1,1,'Weeks',1,0,0,'',0,''),(4112,526,1,'Pending','2014-07-21',NULL,NULL,'Housing Agreement','',2,'Weeks',1,2,'Weeks',1,0,0,'',0,''),(4113,526,1,'Pending','2014-07-21',NULL,NULL,'Health Fund','',2,'Weeks',1,2,'Weeks',1,0,0,'',0,''),(4114,526,1,'Pending','2014-07-21',NULL,NULL,'Aspiration Programme','',2,'Weeks',1,2,'Weeks',1,0,0,'',0,''),(4115,526,1,'Pending','2014-07-21',NULL,NULL,'Contact Person','',2,'Weeks',1,2,'Weeks',1,0,0,'',0,''),(4116,526,2,'Pending','2014-07-21',NULL,NULL,'Self Assessment','',6,'Months',1,2,'Weeks',1,0,0,'',0,''),(4117,526,2,'Pending','2014-07-21',NULL,NULL,'Contact Person Report','',6,'Months',1,2,'Weeks',1,0,0,'',0,''),(4118,526,3,'Pending','2014-07-21',NULL,NULL,'Touch Base','',9,'Months',1,2,'Weeks',1,0,0,'',0,''),(4119,526,2,'Pending','2014-07-21',NULL,NULL,'Signed B-Form','',1,'Weeks',1,1,'Weeks',1,0,0,'',0,''),(4120,527,1,'Pending','2014-07-21',NULL,NULL,'Financial Agreement','',2,'Weeks',1,1,'Weeks',1,0,0,'',0,''),(4121,527,1,'Pending','2014-07-21',NULL,NULL,'Housing Agreement','',2,'Weeks',1,2,'Weeks',1,0,0,'',0,''),(4122,527,1,'Pending','2014-07-21',NULL,NULL,'Health Fund','',2,'Weeks',1,2,'Weeks',1,0,0,'',0,''),(4123,527,1,'Pending','2014-07-21',NULL,NULL,'Aspiration Programme','',2,'Weeks',1,2,'Weeks',1,0,0,'',0,''),(4124,527,1,'Pending','2014-07-21',NULL,NULL,'Contact Person','',2,'Weeks',1,2,'Weeks',1,0,0,'',0,''),(4125,527,2,'Pending','2014-07-21',NULL,NULL,'Self Assessment','',6,'Months',1,2,'Weeks',1,0,0,'',0,''),(4126,527,2,'Pending','2014-07-21',NULL,NULL,'Contact Person Report','',6,'Months',1,2,'Weeks',1,0,0,'',0,''),(4127,527,3,'Pending','2014-07-21',NULL,NULL,'Touch Base','',9,'Months',1,2,'Weeks',1,0,0,'',0,''),(4128,527,2,'Pending','2014-07-21',NULL,NULL,'Signed B-Form','',1,'Weeks',1,1,'Weeks',1,0,0,'',0,''),(4129,528,1,'Pending','2014-07-21',NULL,NULL,'Financial Agreement','',2,'Weeks',1,1,'Weeks',1,0,0,'',0,''),(4130,528,1,'Pending','2014-07-21',NULL,NULL,'Housing Agreement','',2,'Weeks',1,2,'Weeks',1,0,0,'',0,''),(4131,528,1,'Pending','2014-07-21',NULL,NULL,'Health Fund','',2,'Weeks',1,2,'Weeks',1,0,0,'',0,''),(4132,528,1,'Pending','2014-07-21',NULL,NULL,'Aspiration Programme','',2,'Weeks',1,2,'Weeks',1,0,0,'',0,''),(4133,528,1,'Pending','2014-07-21',NULL,NULL,'Contact Person','',2,'Weeks',1,2,'Weeks',1,0,0,'',0,''),(4134,528,2,'Pending','2014-07-21',NULL,NULL,'Self Assessment','',6,'Months',1,2,'Weeks',1,0,0,'',0,''),(4135,528,2,'Pending','2014-07-21',NULL,NULL,'Contact Person Report','',6,'Months',1,2,'Weeks',1,0,0,'',0,''),(4136,528,3,'Pending','2014-07-21',NULL,NULL,'Touch Base','',9,'Months',1,2,'Weeks',1,0,0,'',0,''),(4137,528,2,'Pending','2014-07-21',NULL,NULL,'Signed B-Form','',1,'Weeks',1,1,'Weeks',1,0,0,'',0,''),(4138,529,1,'Pending','2014-07-21',NULL,NULL,'Financial Agreement','',2,'Weeks',1,1,'Weeks',1,0,0,'',0,''),(4139,529,1,'Pending','2014-07-21',NULL,NULL,'Housing Agreement','',2,'Weeks',1,2,'Weeks',1,0,0,'',0,''),(4140,529,1,'Pending','2014-07-21',NULL,NULL,'Health Fund','',2,'Weeks',1,2,'Weeks',1,0,0,'',0,''),(4141,529,1,'Pending','2014-07-21',NULL,NULL,'Aspiration Programme','',2,'Weeks',1,2,'Weeks',1,0,0,'',0,''),(4142,529,1,'Pending','2014-07-21',NULL,NULL,'Contact Person','',2,'Weeks',1,2,'Weeks',1,0,0,'',0,''),(4143,529,2,'Pending','2014-07-21',NULL,NULL,'Self Assessment','',6,'Months',1,2,'Weeks',1,0,0,'',0,''),(4144,529,2,'Pending','2014-07-21',NULL,NULL,'Contact Person Report','',6,'Months',1,2,'Weeks',1,0,0,'',0,''),(4145,529,3,'Pending','2014-07-21',NULL,NULL,'Touch Base','',9,'Months',1,2,'Weeks',1,0,0,'',0,''),(4146,529,2,'Pending','2014-07-21',NULL,NULL,'Signed B-Form','',1,'Weeks',1,1,'Weeks',1,0,0,'',0,''),(4147,530,1,'Pending','2014-07-21',NULL,NULL,'Financial Agreement','',2,'Weeks',1,1,'Weeks',1,0,0,'',0,''),(4148,530,1,'Pending','2014-07-21',NULL,NULL,'Housing Agreement','',2,'Weeks',1,2,'Weeks',1,0,0,'',0,''),(4149,530,1,'Pending','2014-07-21',NULL,NULL,'Health Fund','',2,'Weeks',1,2,'Weeks',1,0,0,'',0,''),(4150,530,1,'Pending','2014-07-21',NULL,NULL,'Aspiration Programme','',2,'Weeks',1,2,'Weeks',1,0,0,'',0,''),(4151,530,1,'Pending','2014-07-21',NULL,NULL,'Contact Person','',2,'Weeks',1,2,'Weeks',1,0,0,'',0,''),(4152,530,2,'Pending','2014-07-21',NULL,NULL,'Self Assessment','',6,'Months',1,2,'Weeks',1,0,0,'',0,''),(4153,530,2,'Pending','2014-07-21',NULL,NULL,'Contact Person Report','',6,'Months',1,2,'Weeks',1,0,0,'',0,''),(4154,530,3,'Pending','2014-07-21',NULL,NULL,'Touch Base','',9,'Months',1,2,'Weeks',1,0,0,'',0,''),(4155,530,2,'Pending','2014-07-21',NULL,NULL,'Signed B-Form','',1,'Weeks',1,1,'Weeks',1,0,0,'',0,''),(4156,531,1,'Pending','2014-07-21',NULL,NULL,'Financial Agreement','',2,'Weeks',1,1,'Weeks',1,0,0,'',0,''),(4157,531,1,'Pending','2014-07-21',NULL,NULL,'Housing Agreement','',2,'Weeks',1,2,'Weeks',1,0,0,'',0,''),(4158,531,1,'Pending','2014-07-21',NULL,NULL,'Health Fund','',2,'Weeks',1,2,'Weeks',1,0,0,'',0,''),(4159,531,1,'Pending','2014-07-21',NULL,NULL,'Aspiration Programme','',2,'Weeks',1,2,'Weeks',1,0,0,'',0,''),(4160,531,1,'Pending','2014-07-21',NULL,NULL,'Contact Person','',2,'Weeks',1,2,'Weeks',1,0,0,'',0,''),(4161,531,2,'Pending','2014-07-21',NULL,NULL,'Self Assessment','',6,'Months',1,2,'Weeks',1,0,0,'',0,''),(4162,531,2,'Pending','2014-07-21',NULL,NULL,'Contact Person Report','',6,'Months',1,2,'Weeks',1,0,0,'',0,''),(4163,531,3,'Pending','2014-07-21',NULL,NULL,'Touch Base','',9,'Months',1,2,'Weeks',1,0,0,'',0,''),(4164,531,2,'Pending','2014-07-21',NULL,NULL,'Signed B-Form','',1,'Weeks',1,1,'Weeks',1,0,0,'',0,''),(4165,532,1,'Pending','2014-07-21',NULL,NULL,'Financial Agreement','',2,'Weeks',1,1,'Weeks',1,0,0,'',0,''),(4166,532,1,'Pending','2014-07-21',NULL,NULL,'Housing Agreement','',2,'Weeks',1,2,'Weeks',1,0,0,'',0,''),(4167,532,1,'Pending','2014-07-21',NULL,NULL,'Health Fund','',2,'Weeks',1,2,'Weeks',1,0,0,'',0,''),(4168,532,1,'Pending','2014-07-21',NULL,NULL,'Aspiration Programme','',2,'Weeks',1,2,'Weeks',1,0,0,'',0,''),(4169,532,1,'Pending','2014-07-21',NULL,NULL,'Contact Person','',2,'Weeks',1,2,'Weeks',1,0,0,'',0,''),(4170,532,2,'Pending','2014-07-21',NULL,NULL,'Self Assessment','',6,'Months',1,2,'Weeks',1,0,0,'',0,''),(4171,532,2,'Pending','2014-07-21',NULL,NULL,'Contact Person Report','',6,'Months',1,2,'Weeks',1,0,0,'',0,''),(4172,532,3,'Pending','2014-07-21',NULL,NULL,'Touch Base','',9,'Months',1,2,'Weeks',1,0,0,'',0,''),(4173,532,2,'Pending','2014-07-21',NULL,NULL,'Signed B-Form','',1,'Weeks',1,1,'Weeks',1,0,0,'',0,''),(4174,533,1,'Pending','2014-07-21',NULL,NULL,'Financial Agreement','',2,'Weeks',1,1,'Weeks',1,0,0,'',0,''),(4175,533,1,'Pending','2014-07-21',NULL,NULL,'Housing Agreement','',2,'Weeks',1,2,'Weeks',1,0,0,'',0,''),(4176,533,1,'Pending','2014-07-21',NULL,NULL,'Health Fund','',2,'Weeks',1,2,'Weeks',1,0,0,'',0,''),(4177,533,1,'Pending','2014-07-21',NULL,NULL,'Aspiration Programme','',2,'Weeks',1,2,'Weeks',1,0,0,'',0,''),(4178,533,1,'Pending','2014-07-21',NULL,NULL,'Contact Person','',2,'Weeks',1,2,'Weeks',1,0,0,'',0,''),(4179,533,2,'Pending','2014-07-21',NULL,NULL,'Self Assessment','',6,'Months',1,2,'Weeks',1,0,0,'',0,''),(4180,533,2,'Pending','2014-07-21',NULL,NULL,'Contact Person Report','',6,'Months',1,2,'Weeks',1,0,0,'',0,''),(4181,533,3,'Pending','2014-07-21',NULL,NULL,'Touch Base','',9,'Months',1,2,'Weeks',1,0,0,'',0,''),(4182,533,2,'Pending','2014-07-21',NULL,NULL,'Signed B-Form','',1,'Weeks',1,1,'Weeks',1,0,0,'',0,''),(4183,534,1,'Pending','2014-07-21',NULL,NULL,'Financial Agreement','',2,'Weeks',1,1,'Weeks',1,0,0,'',0,''),(4184,534,1,'Pending','2014-07-21',NULL,NULL,'Housing Agreement','',2,'Weeks',1,2,'Weeks',1,0,0,'',0,''),(4185,534,1,'Pending','2014-07-21',NULL,NULL,'Health Fund','',2,'Weeks',1,2,'Weeks',1,0,0,'',0,''),(4186,534,1,'Pending','2014-07-21',NULL,NULL,'Aspiration Programme','',2,'Weeks',1,2,'Weeks',1,0,0,'',0,''),(4187,534,1,'Pending','2014-07-21',NULL,NULL,'Contact Person','',2,'Weeks',1,2,'Weeks',1,0,0,'',0,''),(4188,534,2,'Pending','2014-07-21',NULL,NULL,'Self Assessment','',6,'Months',1,2,'Weeks',1,0,0,'',0,''),(4189,534,2,'Pending','2014-07-21',NULL,NULL,'Contact Person Report','',6,'Months',1,2,'Weeks',1,0,0,'',0,''),(4190,534,3,'Pending','2014-07-21',NULL,NULL,'Touch Base','',9,'Months',1,2,'Weeks',1,0,0,'',0,''),(4191,534,2,'Pending','2014-07-21',NULL,NULL,'Signed B-Form','',1,'Weeks',1,1,'Weeks',1,0,0,'',0,''),(4192,535,1,'Pending','2014-07-21',NULL,NULL,'Financial Agreement','',2,'Weeks',1,1,'Weeks',1,0,0,'',0,''),(4193,535,1,'Pending','2014-07-21',NULL,NULL,'Housing Agreement','',2,'Weeks',1,2,'Weeks',1,0,0,'',0,''),(4194,535,1,'Pending','2014-07-21',NULL,NULL,'Health Fund','',2,'Weeks',1,2,'Weeks',1,0,0,'',0,''),(4195,535,1,'Pending','2014-07-21',NULL,NULL,'Aspiration Programme','',2,'Weeks',1,2,'Weeks',1,0,0,'',0,''),(4196,535,1,'Pending','2014-07-21',NULL,NULL,'Contact Person','',2,'Weeks',1,2,'Weeks',1,0,0,'',0,''),(4197,535,2,'Pending','2014-07-21',NULL,NULL,'Self Assessment','',6,'Months',1,2,'Weeks',1,0,0,'',0,''),(4198,535,2,'Pending','2014-07-21',NULL,NULL,'Contact Person Report','',6,'Months',1,2,'Weeks',1,0,0,'',0,''),(4199,535,3,'Pending','2014-07-21',NULL,NULL,'Touch Base','',9,'Months',1,2,'Weeks',1,0,0,'',0,''),(4200,535,2,'Pending','2014-07-21',NULL,NULL,'Signed B-Form','',1,'Weeks',1,1,'Weeks',1,0,0,'',0,''),(4201,536,1,'Pending','2014-07-21',NULL,NULL,'Financial Agreement','',2,'Weeks',1,1,'Weeks',1,0,0,'',0,''),(4202,536,1,'Pending','2014-07-21',NULL,NULL,'Housing Agreement','',2,'Weeks',1,2,'Weeks',1,0,0,'',0,''),(4203,536,1,'Pending','2014-07-21',NULL,NULL,'Health Fund','',2,'Weeks',1,2,'Weeks',1,0,0,'',0,''),(4204,536,1,'Pending','2014-07-21',NULL,NULL,'Aspiration Programme','',2,'Weeks',1,2,'Weeks',1,0,0,'',0,''),(4205,536,1,'Pending','2014-07-21',NULL,NULL,'Contact Person','',2,'Weeks',1,2,'Weeks',1,0,0,'',0,''),(4206,536,2,'Pending','2014-07-21',NULL,NULL,'Self Assessment','',6,'Months',1,2,'Weeks',1,0,0,'',0,''),(4207,536,2,'Pending','2014-07-21',NULL,NULL,'Contact Person Report','',6,'Months',1,2,'Weeks',1,0,0,'',0,''),(4208,536,3,'Pending','2014-07-21',NULL,NULL,'Touch Base','',9,'Months',1,2,'Weeks',1,0,0,'',0,''),(4209,536,2,'Pending','2014-07-21',NULL,NULL,'Signed B-Form','',1,'Weeks',1,1,'Weeks',1,0,0,'',0,''),(4210,537,1,'Pending','2014-07-21',NULL,NULL,'Financial Agreement','',2,'Weeks',1,1,'Weeks',1,0,0,'',0,''),(4211,537,1,'Pending','2014-07-21',NULL,NULL,'Housing Agreement','',2,'Weeks',1,2,'Weeks',1,0,0,'',0,''),(4212,537,1,'Pending','2014-07-21',NULL,NULL,'Health Fund','',2,'Weeks',1,2,'Weeks',1,0,0,'',0,''),(4213,537,1,'Pending','2014-07-21',NULL,NULL,'Aspiration Programme','',2,'Weeks',1,2,'Weeks',1,0,0,'',0,''),(4214,537,1,'Pending','2014-07-21',NULL,NULL,'Contact Person','',2,'Weeks',1,2,'Weeks',1,0,0,'',0,''),(4215,537,2,'Pending','2014-07-21',NULL,NULL,'Self Assessment','',6,'Months',1,2,'Weeks',1,0,0,'',0,''),(4216,537,2,'Pending','2014-07-21',NULL,NULL,'Contact Person Report','',6,'Months',1,2,'Weeks',1,0,0,'',0,''),(4217,537,3,'Pending','2014-07-21',NULL,NULL,'Touch Base','',9,'Months',1,2,'Weeks',1,0,0,'',0,''),(4218,537,2,'Pending','2014-07-21',NULL,NULL,'Signed B-Form','',1,'Weeks',1,1,'Weeks',1,0,0,'',0,''),(4219,538,1,'Pending','2014-07-21',NULL,NULL,'Financial Agreement','',2,'Weeks',1,1,'Weeks',1,0,0,'',0,''),(4220,538,1,'Pending','2014-07-21',NULL,NULL,'Housing Agreement','',2,'Weeks',1,2,'Weeks',1,0,0,'',0,''),(4221,538,1,'Pending','2014-07-21',NULL,NULL,'Health Fund','',2,'Weeks',1,2,'Weeks',1,0,0,'',0,''),(4222,538,1,'Pending','2014-07-21',NULL,NULL,'Aspiration Programme','',2,'Weeks',1,2,'Weeks',1,0,0,'',0,''),(4223,538,1,'Pending','2014-07-21',NULL,NULL,'Contact Person','',2,'Weeks',1,2,'Weeks',1,0,0,'',0,''),(4224,538,2,'Pending','2014-07-21',NULL,NULL,'Self Assessment','',6,'Months',1,2,'Weeks',1,0,0,'',0,''),(4225,538,2,'Pending','2014-07-21',NULL,NULL,'Contact Person Report','',6,'Months',1,2,'Weeks',1,0,0,'',0,''),(4226,538,3,'Pending','2014-07-21',NULL,NULL,'Touch Base','',9,'Months',1,2,'Weeks',1,0,0,'',0,''),(4227,538,2,'Pending','2014-07-21',NULL,NULL,'Signed B-Form','',1,'Weeks',1,1,'Weeks',1,0,0,'',0,''),(4228,539,1,'Pending','2014-07-21',NULL,NULL,'Financial Agreement','',2,'Weeks',1,1,'Weeks',1,0,0,'',0,''),(4229,539,1,'Pending','2014-07-21',NULL,NULL,'Housing Agreement','',2,'Weeks',1,2,'Weeks',1,0,0,'',0,''),(4230,539,1,'Pending','2014-07-21',NULL,NULL,'Health Fund','',2,'Weeks',1,2,'Weeks',1,0,0,'',0,''),(4231,539,1,'Pending','2014-07-21',NULL,NULL,'Aspiration Programme','',2,'Weeks',1,2,'Weeks',1,0,0,'',0,''),(4232,539,1,'Pending','2014-07-21',NULL,NULL,'Contact Person','',2,'Weeks',1,2,'Weeks',1,0,0,'',0,''),(4233,539,2,'Pending','2014-07-21',NULL,NULL,'Self Assessment','',6,'Months',1,2,'Weeks',1,0,0,'',0,''),(4234,539,2,'Pending','2014-07-21',NULL,NULL,'Contact Person Report','',6,'Months',1,2,'Weeks',1,0,0,'',0,''),(4235,539,3,'Pending','2014-07-21',NULL,NULL,'Touch Base','',9,'Months',1,2,'Weeks',1,0,0,'',0,''),(4236,539,2,'Pending','2014-07-21',NULL,NULL,'Signed B-Form','',1,'Weeks',1,1,'Weeks',1,0,0,'',0,''),(4237,540,1,'Pending','2014-07-21',NULL,NULL,'Financial Agreement','',2,'Weeks',1,1,'Weeks',1,0,0,'',0,''),(4238,540,1,'Pending','2014-07-21',NULL,NULL,'Housing Agreement','',2,'Weeks',1,2,'Weeks',1,0,0,'',0,''),(4239,540,1,'Pending','2014-07-21',NULL,NULL,'Health Fund','',2,'Weeks',1,2,'Weeks',1,0,0,'',0,''),(4240,540,1,'Pending','2014-07-21',NULL,NULL,'Aspiration Programme','',2,'Weeks',1,2,'Weeks',1,0,0,'',0,''),(4241,540,1,'Pending','2014-07-21',NULL,NULL,'Contact Person','',2,'Weeks',1,2,'Weeks',1,0,0,'',0,''),(4242,540,2,'Pending','2014-07-21',NULL,NULL,'Self Assessment','',6,'Months',1,2,'Weeks',1,0,0,'',0,''),(4243,540,2,'Pending','2014-07-21',NULL,NULL,'Contact Person Report','',6,'Months',1,2,'Weeks',1,0,0,'',0,''),(4244,540,3,'Pending','2014-07-21',NULL,NULL,'Touch Base','',9,'Months',1,2,'Weeks',1,0,0,'',0,''),(4245,540,2,'Pending','2014-07-21',NULL,NULL,'Signed B-Form','',1,'Weeks',1,1,'Weeks',1,0,0,'',0,''),(4246,541,1,'Pending','2014-07-21',NULL,NULL,'Financial Agreement','',2,'Weeks',1,1,'Weeks',1,0,0,'',0,''),(4247,541,1,'Pending','2014-07-21',NULL,NULL,'Housing Agreement','',2,'Weeks',1,2,'Weeks',1,0,0,'',0,''),(4248,541,1,'Pending','2014-07-21',NULL,NULL,'Health Fund','',2,'Weeks',1,2,'Weeks',1,0,0,'',0,''),(4249,541,1,'Pending','2014-07-21',NULL,NULL,'Aspiration Programme','',2,'Weeks',1,2,'Weeks',1,0,0,'',0,''),(4250,541,1,'Pending','2014-07-21',NULL,NULL,'Contact Person','',2,'Weeks',1,2,'Weeks',1,0,0,'',0,''),(4251,541,2,'Pending','2014-07-21',NULL,NULL,'Self Assessment','',6,'Months',1,2,'Weeks',1,0,0,'',0,''),(4252,541,2,'Pending','2014-07-21',NULL,NULL,'Contact Person Report','',6,'Months',1,2,'Weeks',1,0,0,'',0,''),(4253,541,3,'Pending','2014-07-21',NULL,NULL,'Touch Base','',9,'Months',1,2,'Weeks',1,0,0,'',0,''),(4254,541,2,'Pending','2014-07-21',NULL,NULL,'Signed B-Form','',1,'Weeks',1,1,'Weeks',1,0,0,'',0,''),(4255,542,1,'Pending','2014-07-21',NULL,NULL,'Financial Agreement','',2,'Weeks',1,1,'Weeks',1,0,0,'',0,''),(4256,542,1,'Pending','2014-07-21',NULL,NULL,'Housing Agreement','',2,'Weeks',1,2,'Weeks',1,0,0,'',0,''),(4257,542,1,'Pending','2014-07-21',NULL,NULL,'Health Fund','',2,'Weeks',1,2,'Weeks',1,0,0,'',0,''),(4258,542,1,'Pending','2014-07-21',NULL,NULL,'Aspiration Programme','',2,'Weeks',1,2,'Weeks',1,0,0,'',0,''),(4259,542,1,'Pending','2014-07-21',NULL,NULL,'Contact Person','',2,'Weeks',1,2,'Weeks',1,0,0,'',0,''),(4260,542,2,'Pending','2014-07-21',NULL,NULL,'Self Assessment','',6,'Months',1,2,'Weeks',1,0,0,'',0,''),(4261,542,2,'Pending','2014-07-21',NULL,NULL,'Contact Person Report','',6,'Months',1,2,'Weeks',1,0,0,'',0,''),(4262,542,3,'Pending','2014-07-21',NULL,NULL,'Touch Base','',9,'Months',1,2,'Weeks',1,0,0,'',0,''),(4263,542,2,'Pending','2014-07-21',NULL,NULL,'Signed B-Form','',1,'Weeks',1,1,'Weeks',1,0,0,'',0,''),(4264,543,1,'Pending','2014-07-21',NULL,NULL,'Financial Agreement','',2,'Weeks',1,1,'Weeks',1,0,0,'',0,''),(4265,543,1,'Pending','2014-07-21',NULL,NULL,'Housing Agreement','',2,'Weeks',1,2,'Weeks',1,0,0,'',0,''),(4266,543,1,'Pending','2014-07-21',NULL,NULL,'Health Fund','',2,'Weeks',1,2,'Weeks',1,0,0,'',0,''),(4267,543,1,'Pending','2014-07-21',NULL,NULL,'Aspiration Programme','',2,'Weeks',1,2,'Weeks',1,0,0,'',0,''),(4268,543,1,'Pending','2014-07-21',NULL,NULL,'Contact Person','',2,'Weeks',1,2,'Weeks',1,0,0,'',0,''),(4269,543,2,'Pending','2014-07-21',NULL,NULL,'Self Assessment','',6,'Months',1,2,'Weeks',1,0,0,'',0,''),(4270,543,2,'Pending','2014-07-21',NULL,NULL,'Contact Person Report','',6,'Months',1,2,'Weeks',1,0,0,'',0,''),(4271,543,3,'Pending','2014-07-21',NULL,NULL,'Touch Base','',9,'Months',1,2,'Weeks',1,0,0,'',0,''),(4272,543,2,'Pending','2014-07-21',NULL,NULL,'Signed B-Form','',1,'Weeks',1,1,'Weeks',1,0,0,'',0,''),(4273,544,1,'Pending','2014-07-21',NULL,NULL,'Financial Agreement','',2,'Weeks',1,1,'Weeks',1,0,0,'',0,''),(4274,544,1,'Pending','2014-07-21',NULL,NULL,'Housing Agreement','',2,'Weeks',1,2,'Weeks',1,0,0,'',0,''),(4275,544,1,'Pending','2014-07-21',NULL,NULL,'Health Fund','',2,'Weeks',1,2,'Weeks',1,0,0,'',0,''),(4276,544,1,'Pending','2014-07-21',NULL,NULL,'Aspiration Programme','',2,'Weeks',1,2,'Weeks',1,0,0,'',0,''),(4277,544,1,'Pending','2014-07-21',NULL,NULL,'Contact Person','',2,'Weeks',1,2,'Weeks',1,0,0,'',0,''),(4278,544,2,'Pending','2014-07-21',NULL,NULL,'Self Assessment','',6,'Months',1,2,'Weeks',1,0,0,'',0,''),(4279,544,2,'Pending','2014-07-21',NULL,NULL,'Contact Person Report','',6,'Months',1,2,'Weeks',1,0,0,'',0,''),(4280,544,3,'Pending','2014-07-21',NULL,NULL,'Touch Base','',9,'Months',1,2,'Weeks',1,0,0,'',0,''),(4281,544,2,'Pending','2014-07-21',NULL,NULL,'Signed B-Form','',1,'Weeks',1,1,'Weeks',1,0,0,'',0,''),(4282,545,1,'Pending','2014-07-21',NULL,NULL,'Financial Agreement','',2,'Weeks',1,1,'Weeks',1,0,0,'',0,''),(4283,545,1,'Pending','2014-07-21',NULL,NULL,'Housing Agreement','',2,'Weeks',1,2,'Weeks',1,0,0,'',0,''),(4284,545,1,'Pending','2014-07-21',NULL,NULL,'Health Fund','',2,'Weeks',1,2,'Weeks',1,0,0,'',0,''),(4285,545,1,'Pending','2014-07-21',NULL,NULL,'Aspiration Programme','',2,'Weeks',1,2,'Weeks',1,0,0,'',0,''),(4286,545,1,'Pending','2014-07-21',NULL,NULL,'Contact Person','',2,'Weeks',1,2,'Weeks',1,0,0,'',0,''),(4287,545,2,'Pending','2014-07-21',NULL,NULL,'Self Assessment','',6,'Months',1,2,'Weeks',1,0,0,'',0,''),(4288,545,2,'Pending','2014-07-21',NULL,NULL,'Contact Person Report','',6,'Months',1,2,'Weeks',1,0,0,'',0,''),(4289,545,3,'Pending','2014-07-21',NULL,NULL,'Touch Base','',9,'Months',1,2,'Weeks',1,0,0,'',0,''),(4290,545,2,'Pending','2014-07-21',NULL,NULL,'Signed B-Form','',1,'Weeks',1,1,'Weeks',1,0,0,'',0,''),(4291,546,1,'Pending','2014-07-21',NULL,NULL,'Financial Agreement','',2,'Weeks',1,1,'Weeks',1,0,0,'',0,''),(4292,546,1,'Pending','2014-07-21',NULL,NULL,'Housing Agreement','',2,'Weeks',1,2,'Weeks',1,0,0,'',0,''),(4293,546,1,'Pending','2014-07-21',NULL,NULL,'Health Fund','',2,'Weeks',1,2,'Weeks',1,0,0,'',0,''),(4294,546,1,'Pending','2014-07-21',NULL,NULL,'Aspiration Programme','',2,'Weeks',1,2,'Weeks',1,0,0,'',0,''),(4295,546,1,'Pending','2014-07-21',NULL,NULL,'Contact Person','',2,'Weeks',1,2,'Weeks',1,0,0,'',0,''),(4296,546,2,'Pending','2014-07-21',NULL,NULL,'Self Assessment','',6,'Months',1,2,'Weeks',1,0,0,'',0,''),(4297,546,2,'Pending','2014-07-21',NULL,NULL,'Contact Person Report','',6,'Months',1,2,'Weeks',1,0,0,'',0,''),(4298,546,3,'Pending','2014-07-21',NULL,NULL,'Touch Base','',9,'Months',1,2,'Weeks',1,0,0,'',0,''),(4299,546,2,'Pending','2014-07-21',NULL,NULL,'Signed B-Form','',1,'Weeks',1,1,'Weeks',1,0,0,'',0,''),(4300,547,1,'Pending','2014-07-21',NULL,NULL,'Financial Agreement','',2,'Weeks',1,1,'Weeks',1,0,0,'',0,''),(4301,547,1,'Pending','2014-07-21',NULL,NULL,'Housing Agreement','',2,'Weeks',1,2,'Weeks',1,0,0,'',0,''),(4302,547,1,'Pending','2014-07-21',NULL,NULL,'Health Fund','',2,'Weeks',1,2,'Weeks',1,0,0,'',0,''),(4303,547,1,'Pending','2014-07-21',NULL,NULL,'Aspiration Programme','',2,'Weeks',1,2,'Weeks',1,0,0,'',0,''),(4304,547,1,'Pending','2014-07-21',NULL,NULL,'Contact Person','',2,'Weeks',1,2,'Weeks',1,0,0,'',0,''),(4305,547,2,'Pending','2014-07-21',NULL,NULL,'Self Assessment','',6,'Months',1,2,'Weeks',1,0,0,'',0,''),(4306,547,2,'Pending','2014-07-21',NULL,NULL,'Contact Person Report','',6,'Months',1,2,'Weeks',1,0,0,'',0,''),(4307,547,3,'Pending','2014-07-21',NULL,NULL,'Touch Base','',9,'Months',1,2,'Weeks',1,0,0,'',0,''),(4308,547,2,'Pending','2014-07-21',NULL,NULL,'Signed B-Form','',1,'Weeks',1,1,'Weeks',1,0,0,'',0,''),(4309,548,1,'Pending','2014-07-21',NULL,NULL,'Financial Agreement','',2,'Weeks',1,1,'Weeks',1,0,0,'',0,''),(4310,548,1,'Pending','2014-07-21',NULL,NULL,'Housing Agreement','',2,'Weeks',1,2,'Weeks',1,0,0,'',0,''),(4311,548,1,'Pending','2014-07-21',NULL,NULL,'Health Fund','',2,'Weeks',1,2,'Weeks',1,0,0,'',0,''),(4312,548,1,'Pending','2014-07-21',NULL,NULL,'Aspiration Programme','',2,'Weeks',1,2,'Weeks',1,0,0,'',0,''),(4313,548,1,'Pending','2014-07-21',NULL,NULL,'Contact Person','',2,'Weeks',1,2,'Weeks',1,0,0,'',0,''),(4314,548,2,'Pending','2014-07-21',NULL,NULL,'Self Assessment','',6,'Months',1,2,'Weeks',1,0,0,'',0,''),(4315,548,2,'Pending','2014-07-21',NULL,NULL,'Contact Person Report','',6,'Months',1,2,'Weeks',1,0,0,'',0,''),(4316,548,3,'Pending','2014-07-21',NULL,NULL,'Touch Base','',9,'Months',1,2,'Weeks',1,0,0,'',0,''),(4317,548,2,'Pending','2014-07-21',NULL,NULL,'Signed B-Form','',1,'Weeks',1,1,'Weeks',1,0,0,'',0,''),(4318,549,1,'Pending','2014-07-21',NULL,NULL,'Financial Agreement','',2,'Weeks',1,1,'Weeks',1,0,0,'',0,''),(4319,549,1,'Pending','2014-07-21',NULL,NULL,'Housing Agreement','',2,'Weeks',1,2,'Weeks',1,0,0,'',0,''),(4320,549,1,'Pending','2014-07-21',NULL,NULL,'Health Fund','',2,'Weeks',1,2,'Weeks',1,0,0,'',0,''),(4321,549,1,'Pending','2014-07-21',NULL,NULL,'Aspiration Programme','',2,'Weeks',1,2,'Weeks',1,0,0,'',0,''),(4322,549,1,'Pending','2014-07-21',NULL,NULL,'Contact Person','',2,'Weeks',1,2,'Weeks',1,0,0,'',0,''),(4323,549,2,'Pending','2014-07-21',NULL,NULL,'Self Assessment','',6,'Months',1,2,'Weeks',1,0,0,'',0,''),(4324,549,2,'Pending','2014-07-21',NULL,NULL,'Contact Person Report','',6,'Months',1,2,'Weeks',1,0,0,'',0,''),(4325,549,3,'Pending','2014-07-21',NULL,NULL,'Touch Base','',9,'Months',1,2,'Weeks',1,0,0,'',0,''),(4326,549,2,'Pending','2014-07-21',NULL,NULL,'Signed B-Form','',1,'Weeks',1,1,'Weeks',1,0,0,'',0,''),(4327,550,1,'Pending','2014-07-21',NULL,NULL,'Financial Agreement','',2,'Weeks',1,1,'Weeks',1,0,0,'',0,''),(4328,550,1,'Pending','2014-07-21',NULL,NULL,'Housing Agreement','',2,'Weeks',1,2,'Weeks',1,0,0,'',0,''),(4329,550,1,'Pending','2014-07-21',NULL,NULL,'Health Fund','',2,'Weeks',1,2,'Weeks',1,0,0,'',0,''),(4330,550,1,'Pending','2014-07-21',NULL,NULL,'Aspiration Programme','',2,'Weeks',1,2,'Weeks',1,0,0,'',0,''),(4331,550,1,'Pending','2014-07-21',NULL,NULL,'Contact Person','',2,'Weeks',1,2,'Weeks',1,0,0,'',0,''),(4332,550,2,'Pending','2014-07-21',NULL,NULL,'Self Assessment','',6,'Months',1,2,'Weeks',1,0,0,'',0,''),(4333,550,2,'Pending','2014-07-21',NULL,NULL,'Contact Person Report','',6,'Months',1,2,'Weeks',1,0,0,'',0,''),(4334,550,3,'Pending','2014-07-21',NULL,NULL,'Touch Base','',9,'Months',1,2,'Weeks',1,0,0,'',0,''),(4335,550,2,'Pending','2014-07-21',NULL,NULL,'Signed B-Form','',1,'Weeks',1,1,'Weeks',1,0,0,'',0,''),(4336,551,1,'Pending','2014-07-21',NULL,NULL,'Financial Agreement','',2,'Weeks',1,1,'Weeks',1,0,0,'',0,''),(4337,551,1,'Pending','2014-07-21',NULL,NULL,'Housing Agreement','',2,'Weeks',1,2,'Weeks',1,0,0,'',0,''),(4338,551,1,'Pending','2014-07-21',NULL,NULL,'Health Fund','',2,'Weeks',1,2,'Weeks',1,0,0,'',0,''),(4339,551,1,'Pending','2014-07-21',NULL,NULL,'Aspiration Programme','',2,'Weeks',1,2,'Weeks',1,0,0,'',0,''),(4340,551,1,'Pending','2014-07-21',NULL,NULL,'Contact Person','',2,'Weeks',1,2,'Weeks',1,0,0,'',0,''),(4341,551,2,'Pending','2014-07-21',NULL,NULL,'Self Assessment','',6,'Months',1,2,'Weeks',1,0,0,'',0,''),(4342,551,2,'Pending','2014-07-21',NULL,NULL,'Contact Person Report','',6,'Months',1,2,'Weeks',1,0,0,'',0,''),(4343,551,3,'Pending','2014-07-21',NULL,NULL,'Touch Base','',9,'Months',1,2,'Weeks',1,0,0,'',0,''),(4344,551,2,'Pending','2014-07-21',NULL,NULL,'Signed B-Form','',1,'Weeks',1,1,'Weeks',1,0,0,'',0,''),(4345,552,1,'Pending','2014-07-21',NULL,NULL,'Financial Agreement','',2,'Weeks',1,1,'Weeks',1,0,0,'',0,''),(4346,552,1,'Pending','2014-07-21',NULL,NULL,'Housing Agreement','',2,'Weeks',1,2,'Weeks',1,0,0,'',0,''),(4347,552,1,'Pending','2014-07-21',NULL,NULL,'Health Fund','',2,'Weeks',1,2,'Weeks',1,0,0,'',0,''),(4348,552,1,'Pending','2014-07-21',NULL,NULL,'Aspiration Programme','',2,'Weeks',1,2,'Weeks',1,0,0,'',0,''),(4349,552,1,'Pending','2014-07-21',NULL,NULL,'Contact Person','',2,'Weeks',1,2,'Weeks',1,0,0,'',0,''),(4350,552,2,'Pending','2014-07-21',NULL,NULL,'Self Assessment','',6,'Months',1,2,'Weeks',1,0,0,'',0,''),(4351,552,2,'Pending','2014-07-21',NULL,NULL,'Contact Person Report','',6,'Months',1,2,'Weeks',1,0,0,'',0,''),(4352,552,3,'Pending','2014-07-21',NULL,NULL,'Touch Base','',9,'Months',1,2,'Weeks',1,0,0,'',0,''),(4353,552,2,'Pending','2014-07-21',NULL,NULL,'Signed B-Form','',1,'Weeks',1,1,'Weeks',1,0,0,'',0,''),(4354,553,1,'Pending','2014-07-21',NULL,NULL,'Financial Agreement','',2,'Weeks',1,1,'Weeks',1,0,0,'',0,''),(4355,553,1,'Pending','2014-07-21',NULL,NULL,'Housing Agreement','',2,'Weeks',1,2,'Weeks',1,0,0,'',0,''),(4356,553,1,'Pending','2014-07-21',NULL,NULL,'Health Fund','',2,'Weeks',1,2,'Weeks',1,0,0,'',0,''),(4357,553,1,'Pending','2014-07-21',NULL,NULL,'Aspiration Programme','',2,'Weeks',1,2,'Weeks',1,0,0,'',0,''),(4358,553,1,'Pending','2014-07-21',NULL,NULL,'Contact Person','',2,'Weeks',1,2,'Weeks',1,0,0,'',0,''),(4359,553,2,'Pending','2014-07-21',NULL,NULL,'Self Assessment','',6,'Months',1,2,'Weeks',1,0,0,'',0,''),(4360,553,2,'Pending','2014-07-21',NULL,NULL,'Contact Person Report','',6,'Months',1,2,'Weeks',1,0,0,'',0,''),(4361,553,3,'Pending','2014-07-21',NULL,NULL,'Touch Base','',9,'Months',1,2,'Weeks',1,0,0,'',0,''),(4362,553,2,'Pending','2014-07-21',NULL,NULL,'Signed B-Form','',1,'Weeks',1,1,'Weeks',1,0,0,'',0,''),(4363,554,1,'Pending','2014-07-21',NULL,NULL,'Financial Agreement','',2,'Weeks',1,1,'Weeks',1,0,0,'',0,''),(4364,554,1,'Pending','2014-07-21',NULL,NULL,'Housing Agreement','',2,'Weeks',1,2,'Weeks',1,0,0,'',0,''),(4365,554,1,'Pending','2014-07-21',NULL,NULL,'Health Fund','',2,'Weeks',1,2,'Weeks',1,0,0,'',0,''),(4366,554,1,'Pending','2014-07-21',NULL,NULL,'Aspiration Programme','',2,'Weeks',1,2,'Weeks',1,0,0,'',0,''),(4367,554,1,'Pending','2014-07-21',NULL,NULL,'Contact Person','',2,'Weeks',1,2,'Weeks',1,0,0,'',0,''),(4368,554,2,'Pending','2014-07-21',NULL,NULL,'Self Assessment','',6,'Months',1,2,'Weeks',1,0,0,'',0,''),(4369,554,2,'Pending','2014-07-21',NULL,NULL,'Contact Person Report','',6,'Months',1,2,'Weeks',1,0,0,'',0,''),(4370,554,3,'Pending','2014-07-21',NULL,NULL,'Touch Base','',9,'Months',1,2,'Weeks',1,0,0,'',0,''),(4371,554,2,'Pending','2014-07-21',NULL,NULL,'Signed B-Form','',1,'Weeks',1,1,'Weeks',1,0,0,'',0,''),(4372,555,1,'Pending','2014-07-21',NULL,NULL,'Financial Agreement','',2,'Weeks',1,1,'Weeks',1,0,0,'',0,''),(4373,555,1,'Pending','2014-07-21',NULL,NULL,'Housing Agreement','',2,'Weeks',1,2,'Weeks',1,0,0,'',0,''),(4374,555,1,'Pending','2014-07-21',NULL,NULL,'Health Fund','',2,'Weeks',1,2,'Weeks',1,0,0,'',0,''),(4375,555,1,'Pending','2014-07-21',NULL,NULL,'Aspiration Programme','',2,'Weeks',1,2,'Weeks',1,0,0,'',0,''),(4376,555,1,'Pending','2014-07-21',NULL,NULL,'Contact Person','',2,'Weeks',1,2,'Weeks',1,0,0,'',0,''),(4377,555,2,'Pending','2014-07-21',NULL,NULL,'Self Assessment','',6,'Months',1,2,'Weeks',1,0,0,'',0,''),(4378,555,2,'Pending','2014-07-21',NULL,NULL,'Contact Person Report','',6,'Months',1,2,'Weeks',1,0,0,'',0,''),(4379,555,3,'Pending','2014-07-21',NULL,NULL,'Touch Base','',9,'Months',1,2,'Weeks',1,0,0,'',0,''),(4380,555,2,'Pending','2014-07-21',NULL,NULL,'Signed B-Form','',1,'Weeks',1,1,'Weeks',1,0,0,'',0,''),(4381,556,1,'Pending','2014-07-21',NULL,NULL,'Financial Agreement','',2,'Weeks',1,1,'Weeks',1,0,0,'',0,''),(4382,556,1,'Pending','2014-07-21',NULL,NULL,'Housing Agreement','',2,'Weeks',1,2,'Weeks',1,0,0,'',0,''),(4383,556,1,'Pending','2014-07-21',NULL,NULL,'Health Fund','',2,'Weeks',1,2,'Weeks',1,0,0,'',0,''),(4384,556,1,'Pending','2014-07-21',NULL,NULL,'Aspiration Programme','',2,'Weeks',1,2,'Weeks',1,0,0,'',0,''),(4385,556,1,'Pending','2014-07-21',NULL,NULL,'Contact Person','',2,'Weeks',1,2,'Weeks',1,0,0,'',0,''),(4386,556,2,'Pending','2014-07-21',NULL,NULL,'Self Assessment','',6,'Months',1,2,'Weeks',1,0,0,'',0,''),(4387,556,2,'Pending','2014-07-21',NULL,NULL,'Contact Person Report','',6,'Months',1,2,'Weeks',1,0,0,'',0,''),(4388,556,3,'Pending','2014-07-21',NULL,NULL,'Touch Base','',9,'Months',1,2,'Weeks',1,0,0,'',0,''),(4389,556,2,'Pending','2014-07-21',NULL,NULL,'Signed B-Form','',1,'Weeks',1,1,'Weeks',1,0,0,'',0,''),(4390,557,1,'Pending','2014-07-21',NULL,NULL,'Financial Agreement','',2,'Weeks',1,1,'Weeks',1,0,0,'',0,''),(4391,557,1,'Pending','2014-07-21',NULL,NULL,'Housing Agreement','',2,'Weeks',1,2,'Weeks',1,0,0,'',0,''),(4392,557,1,'Pending','2014-07-21',NULL,NULL,'Health Fund','',2,'Weeks',1,2,'Weeks',1,0,0,'',0,''),(4393,557,1,'Pending','2014-07-21',NULL,NULL,'Aspiration Programme','',2,'Weeks',1,2,'Weeks',1,0,0,'',0,''),(4394,557,1,'Pending','2014-07-21',NULL,NULL,'Contact Person','',2,'Weeks',1,2,'Weeks',1,0,0,'',0,''),(4395,557,2,'Pending','2014-07-21',NULL,NULL,'Self Assessment','',6,'Months',1,2,'Weeks',1,0,0,'',0,''),(4396,557,2,'Pending','2014-07-21',NULL,NULL,'Contact Person Report','',6,'Months',1,2,'Weeks',1,0,0,'',0,''),(4397,557,3,'Pending','2014-07-21',NULL,NULL,'Touch Base','',9,'Months',1,2,'Weeks',1,0,0,'',0,''),(4398,557,2,'Pending','2014-07-21',NULL,NULL,'Signed B-Form','',1,'Weeks',1,1,'Weeks',1,0,0,'',0,''),(4399,558,1,'Pending','2014-07-21',NULL,NULL,'Financial Agreement','',2,'Weeks',1,1,'Weeks',1,0,0,'',0,''),(4400,558,1,'Pending','2014-07-21',NULL,NULL,'Housing Agreement','',2,'Weeks',1,2,'Weeks',1,0,0,'',0,''),(4401,558,1,'Pending','2014-07-21',NULL,NULL,'Health Fund','',2,'Weeks',1,2,'Weeks',1,0,0,'',0,''),(4402,558,1,'Pending','2014-07-21',NULL,NULL,'Aspiration Programme','',2,'Weeks',1,2,'Weeks',1,0,0,'',0,''),(4403,558,1,'Pending','2014-07-21',NULL,NULL,'Contact Person','',2,'Weeks',1,2,'Weeks',1,0,0,'',0,''),(4404,558,2,'Pending','2014-07-21',NULL,NULL,'Self Assessment','',6,'Months',1,2,'Weeks',1,0,0,'',0,''),(4405,558,2,'Pending','2014-07-21',NULL,NULL,'Contact Person Report','',6,'Months',1,2,'Weeks',1,0,0,'',0,''),(4406,558,3,'Pending','2014-07-21',NULL,NULL,'Touch Base','',9,'Months',1,2,'Weeks',1,0,0,'',0,''),(4407,558,2,'Pending','2014-07-21',NULL,NULL,'Signed B-Form','',1,'Weeks',1,1,'Weeks',1,0,0,'',0,''),(4408,559,1,'Pending','2014-07-21',NULL,NULL,'Financial Agreement','',2,'Weeks',1,1,'Weeks',1,0,0,'',0,''),(4409,559,1,'Pending','2014-07-21',NULL,NULL,'Housing Agreement','',2,'Weeks',1,2,'Weeks',1,0,0,'',0,''),(4410,559,1,'Pending','2014-07-21',NULL,NULL,'Health Fund','',2,'Weeks',1,2,'Weeks',1,0,0,'',0,''),(4411,559,1,'Pending','2014-07-21',NULL,NULL,'Aspiration Programme','',2,'Weeks',1,2,'Weeks',1,0,0,'',0,''),(4412,559,1,'Pending','2014-07-21',NULL,NULL,'Contact Person','',2,'Weeks',1,2,'Weeks',1,0,0,'',0,''),(4413,559,2,'Pending','2014-07-21',NULL,NULL,'Self Assessment','',6,'Months',1,2,'Weeks',1,0,0,'',0,''),(4414,559,2,'Pending','2014-07-21',NULL,NULL,'Contact Person Report','',6,'Months',1,2,'Weeks',1,0,0,'',0,''),(4415,559,3,'Pending','2014-07-21',NULL,NULL,'Touch Base','',9,'Months',1,2,'Weeks',1,0,0,'',0,''),(4416,559,2,'Pending','2014-07-21',NULL,NULL,'Signed B-Form','',1,'Weeks',1,1,'Weeks',1,0,0,'',0,''),(4417,560,1,'Pending','2014-07-21',NULL,NULL,'Financial Agreement','',2,'Weeks',1,1,'Weeks',1,0,0,'',0,''),(4418,560,1,'Pending','2014-07-21',NULL,NULL,'Housing Agreement','',2,'Weeks',1,2,'Weeks',1,0,0,'',0,''),(4419,560,1,'Pending','2014-07-21',NULL,NULL,'Health Fund','',2,'Weeks',1,2,'Weeks',1,0,0,'',0,''),(4420,560,1,'Pending','2014-07-21',NULL,NULL,'Aspiration Programme','',2,'Weeks',1,2,'Weeks',1,0,0,'',0,''),(4421,560,1,'Pending','2014-07-21',NULL,NULL,'Contact Person','',2,'Weeks',1,2,'Weeks',1,0,0,'',0,''),(4422,560,2,'Pending','2014-07-21',NULL,NULL,'Self Assessment','',6,'Months',1,2,'Weeks',1,0,0,'',0,''),(4423,560,2,'Pending','2014-07-21',NULL,NULL,'Contact Person Report','',6,'Months',1,2,'Weeks',1,0,0,'',0,''),(4424,560,3,'Pending','2014-07-21',NULL,NULL,'Touch Base','',9,'Months',1,2,'Weeks',1,0,0,'',0,''),(4425,560,2,'Pending','2014-07-21',NULL,NULL,'Signed B-Form','',1,'Weeks',1,1,'Weeks',1,0,0,'',0,''),(4426,561,1,'Pending','2014-07-21',NULL,NULL,'Financial Agreement','',2,'Weeks',1,1,'Weeks',1,0,0,'',0,''),(4427,561,1,'Pending','2014-07-21',NULL,NULL,'Housing Agreement','',2,'Weeks',1,2,'Weeks',1,0,0,'',0,''),(4428,561,1,'Pending','2014-07-21',NULL,NULL,'Health Fund','',2,'Weeks',1,2,'Weeks',1,0,0,'',0,''),(4429,561,1,'Pending','2014-07-21',NULL,NULL,'Aspiration Programme','',2,'Weeks',1,2,'Weeks',1,0,0,'',0,''),(4430,561,1,'Pending','2014-07-21',NULL,NULL,'Contact Person','',2,'Weeks',1,2,'Weeks',1,0,0,'',0,''),(4431,561,2,'Pending','2014-07-21',NULL,NULL,'Self Assessment','',6,'Months',1,2,'Weeks',1,0,0,'',0,''),(4432,561,2,'Pending','2014-07-21',NULL,NULL,'Contact Person Report','',6,'Months',1,2,'Weeks',1,0,0,'',0,''),(4433,561,3,'Pending','2014-07-21',NULL,NULL,'Touch Base','',9,'Months',1,2,'Weeks',1,0,0,'',0,''),(4434,561,2,'Pending','2014-07-21',NULL,NULL,'Signed B-Form','',1,'Weeks',1,1,'Weeks',1,0,0,'',0,''),(4435,562,1,'Pending','2014-07-21',NULL,NULL,'Financial Agreement','',2,'Weeks',1,1,'Weeks',1,0,0,'',0,''),(4436,562,1,'Pending','2014-07-21',NULL,NULL,'Housing Agreement','',2,'Weeks',1,2,'Weeks',1,0,0,'',0,''),(4437,562,1,'Pending','2014-07-21',NULL,NULL,'Health Fund','',2,'Weeks',1,2,'Weeks',1,0,0,'',0,''),(4438,562,1,'Pending','2014-07-21',NULL,NULL,'Aspiration Programme','',2,'Weeks',1,2,'Weeks',1,0,0,'',0,''),(4439,562,1,'Pending','2014-07-21',NULL,NULL,'Contact Person','',2,'Weeks',1,2,'Weeks',1,0,0,'',0,''),(4440,562,2,'Pending','2014-07-21',NULL,NULL,'Self Assessment','',6,'Months',1,2,'Weeks',1,0,0,'',0,''),(4441,562,2,'Pending','2014-07-21',NULL,NULL,'Contact Person Report','',6,'Months',1,2,'Weeks',1,0,0,'',0,''),(4442,562,3,'Pending','2014-07-21',NULL,NULL,'Touch Base','',9,'Months',1,2,'Weeks',1,0,0,'',0,''),(4443,562,2,'Pending','2014-07-21',NULL,NULL,'Signed B-Form','',1,'Weeks',1,1,'Weeks',1,0,0,'',0,''),(4444,563,1,'Pending','2014-07-21',NULL,NULL,'Financial Agreement','',2,'Weeks',1,1,'Weeks',1,0,0,'',0,''),(4445,563,1,'Pending','2014-07-21',NULL,NULL,'Housing Agreement','',2,'Weeks',1,2,'Weeks',1,0,0,'',0,''),(4446,563,1,'Pending','2014-07-21',NULL,NULL,'Health Fund','',2,'Weeks',1,2,'Weeks',1,0,0,'',0,''),(4447,563,1,'Pending','2014-07-21',NULL,NULL,'Aspiration Programme','',2,'Weeks',1,2,'Weeks',1,0,0,'',0,''),(4448,563,1,'Pending','2014-07-21',NULL,NULL,'Contact Person','',2,'Weeks',1,2,'Weeks',1,0,0,'',0,''),(4449,563,2,'Pending','2014-07-21',NULL,NULL,'Self Assessment','',6,'Months',1,2,'Weeks',1,0,0,'',0,''),(4450,563,2,'Pending','2014-07-21',NULL,NULL,'Contact Person Report','',6,'Months',1,2,'Weeks',1,0,0,'',0,''),(4451,563,3,'Pending','2014-07-21',NULL,NULL,'Touch Base','',9,'Months',1,2,'Weeks',1,0,0,'',0,''),(4452,563,2,'Pending','2014-07-21',NULL,NULL,'Signed B-Form','',1,'Weeks',1,1,'Weeks',1,0,0,'',0,''),(4453,564,1,'Pending','2014-07-21',NULL,NULL,'Financial Agreement','',2,'Weeks',1,1,'Weeks',1,0,0,'',0,''),(4454,564,1,'Pending','2014-07-21',NULL,NULL,'Housing Agreement','',2,'Weeks',1,2,'Weeks',1,0,0,'',0,''),(4455,564,1,'Pending','2014-07-21',NULL,NULL,'Health Fund','',2,'Weeks',1,2,'Weeks',1,0,0,'',0,''),(4456,564,1,'Pending','2014-07-21',NULL,NULL,'Aspiration Programme','',2,'Weeks',1,2,'Weeks',1,0,0,'',0,''),(4457,564,1,'Pending','2014-07-21',NULL,NULL,'Contact Person','',2,'Weeks',1,2,'Weeks',1,0,0,'',0,''),(4458,564,2,'Pending','2014-07-21',NULL,NULL,'Self Assessment','',6,'Months',1,2,'Weeks',1,0,0,'',0,''),(4459,564,2,'Pending','2014-07-21',NULL,NULL,'Contact Person Report','',6,'Months',1,2,'Weeks',1,0,0,'',0,''),(4460,564,3,'Pending','2014-07-21',NULL,NULL,'Touch Base','',9,'Months',1,2,'Weeks',1,0,0,'',0,''),(4461,564,2,'Pending','2014-07-21',NULL,NULL,'Signed B-Form','',1,'Weeks',1,1,'Weeks',1,0,0,'',0,''),(4462,565,1,'Pending','2014-07-21',NULL,NULL,'Financial Agreement','',2,'Weeks',1,1,'Weeks',1,0,0,'',0,''),(4463,565,1,'Pending','2014-07-21',NULL,NULL,'Housing Agreement','',2,'Weeks',1,2,'Weeks',1,0,0,'',0,''),(4464,565,1,'Pending','2014-07-21',NULL,NULL,'Health Fund','',2,'Weeks',1,2,'Weeks',1,0,0,'',0,''),(4465,565,1,'Pending','2014-07-21',NULL,NULL,'Aspiration Programme','',2,'Weeks',1,2,'Weeks',1,0,0,'',0,''),(4466,565,1,'Pending','2014-07-21',NULL,NULL,'Contact Person','',2,'Weeks',1,2,'Weeks',1,0,0,'',0,''),(4467,565,2,'Pending','2014-07-21',NULL,NULL,'Self Assessment','',6,'Months',1,2,'Weeks',1,0,0,'',0,''),(4468,565,2,'Pending','2014-07-21',NULL,NULL,'Contact Person Report','',6,'Months',1,2,'Weeks',1,0,0,'',0,''),(4469,565,3,'Pending','2014-07-21',NULL,NULL,'Touch Base','',9,'Months',1,2,'Weeks',1,0,0,'',0,''),(4470,565,2,'Pending','2014-07-21',NULL,NULL,'Signed B-Form','',1,'Weeks',1,1,'Weeks',1,0,0,'',0,''),(4471,566,1,'Pending','2014-07-21',NULL,NULL,'Financial Agreement','',2,'Weeks',1,1,'Weeks',1,0,0,'',0,''),(4472,566,1,'Pending','2014-07-21',NULL,NULL,'Housing Agreement','',2,'Weeks',1,2,'Weeks',1,0,0,'',0,''),(4473,566,1,'Pending','2014-07-21',NULL,NULL,'Health Fund','',2,'Weeks',1,2,'Weeks',1,0,0,'',0,''),(4474,566,1,'Pending','2014-07-21',NULL,NULL,'Aspiration Programme','',2,'Weeks',1,2,'Weeks',1,0,0,'',0,''),(4475,566,1,'Pending','2014-07-21',NULL,NULL,'Contact Person','',2,'Weeks',1,2,'Weeks',1,0,0,'',0,''),(4476,566,2,'Pending','2014-07-21',NULL,NULL,'Self Assessment','',6,'Months',1,2,'Weeks',1,0,0,'',0,''),(4477,566,2,'Pending','2014-07-21',NULL,NULL,'Contact Person Report','',6,'Months',1,2,'Weeks',1,0,0,'',0,''),(4478,566,3,'Pending','2014-07-21',NULL,NULL,'Touch Base','',9,'Months',1,2,'Weeks',1,0,0,'',0,''),(4479,566,2,'Pending','2014-07-21',NULL,NULL,'Signed B-Form','',1,'Weeks',1,1,'Weeks',1,0,0,'',0,''),(4480,567,1,'Pending','2014-07-21',NULL,NULL,'Financial Agreement','',2,'Weeks',1,1,'Weeks',1,0,0,'',0,''),(4481,567,1,'Pending','2014-07-21',NULL,NULL,'Housing Agreement','',2,'Weeks',1,2,'Weeks',1,0,0,'',0,''),(4482,567,1,'Pending','2014-07-21',NULL,NULL,'Health Fund','',2,'Weeks',1,2,'Weeks',1,0,0,'',0,''),(4483,567,1,'Pending','2014-07-21',NULL,NULL,'Aspiration Programme','',2,'Weeks',1,2,'Weeks',1,0,0,'',0,''),(4484,567,1,'Pending','2014-07-21',NULL,NULL,'Contact Person','',2,'Weeks',1,2,'Weeks',1,0,0,'',0,''),(4485,567,2,'Pending','2014-07-21',NULL,NULL,'Self Assessment','',6,'Months',1,2,'Weeks',1,0,0,'',0,''),(4486,567,2,'Pending','2014-07-21',NULL,NULL,'Contact Person Report','',6,'Months',1,2,'Weeks',1,0,0,'',0,''),(4487,567,3,'Pending','2014-07-21',NULL,NULL,'Touch Base','',9,'Months',1,2,'Weeks',1,0,0,'',0,''),(4488,567,2,'Pending','2014-07-21',NULL,NULL,'Signed B-Form','',1,'Weeks',1,1,'Weeks',1,0,0,'',0,''),(4489,568,1,'Pending','2014-07-21',NULL,NULL,'Financial Agreement','',2,'Weeks',1,1,'Weeks',1,0,0,'',0,''),(4490,568,1,'Pending','2014-07-21',NULL,NULL,'Housing Agreement','',2,'Weeks',1,2,'Weeks',1,0,0,'',0,''),(4491,568,1,'Pending','2014-07-21',NULL,NULL,'Health Fund','',2,'Weeks',1,2,'Weeks',1,0,0,'',0,''),(4492,568,1,'Pending','2014-07-21',NULL,NULL,'Aspiration Programme','',2,'Weeks',1,2,'Weeks',1,0,0,'',0,''),(4493,568,1,'Pending','2014-07-21',NULL,NULL,'Contact Person','',2,'Weeks',1,2,'Weeks',1,0,0,'',0,''),(4494,568,2,'Pending','2014-07-21',NULL,NULL,'Self Assessment','',6,'Months',1,2,'Weeks',1,0,0,'',0,''),(4495,568,2,'Pending','2014-07-21',NULL,NULL,'Contact Person Report','',6,'Months',1,2,'Weeks',1,0,0,'',0,''),(4496,568,3,'Pending','2014-07-21',NULL,NULL,'Touch Base','',9,'Months',1,2,'Weeks',1,0,0,'',0,''),(4497,568,2,'Pending','2014-07-21',NULL,NULL,'Signed B-Form','',1,'Weeks',1,1,'Weeks',1,0,0,'',0,''),(4498,569,1,'Pending','2014-07-21',NULL,NULL,'Financial Agreement','',2,'Weeks',1,1,'Weeks',1,0,0,'',0,''),(4499,569,1,'Pending','2014-07-21',NULL,NULL,'Housing Agreement','',2,'Weeks',1,2,'Weeks',1,0,0,'',0,''),(4500,569,1,'Pending','2014-07-21',NULL,NULL,'Health Fund','',2,'Weeks',1,2,'Weeks',1,0,0,'',0,''),(4501,569,1,'Pending','2014-07-21',NULL,NULL,'Aspiration Programme','',2,'Weeks',1,2,'Weeks',1,0,0,'',0,''),(4502,569,1,'Pending','2014-07-21',NULL,NULL,'Contact Person','',2,'Weeks',1,2,'Weeks',1,0,0,'',0,''),(4503,569,2,'Pending','2014-07-21',NULL,NULL,'Self Assessment','',6,'Months',1,2,'Weeks',1,0,0,'',0,''),(4504,569,2,'Pending','2014-07-21',NULL,NULL,'Contact Person Report','',6,'Months',1,2,'Weeks',1,0,0,'',0,''),(4505,569,3,'Pending','2014-07-21',NULL,NULL,'Touch Base','',9,'Months',1,2,'Weeks',1,0,0,'',0,''),(4506,569,2,'Pending','2014-07-21',NULL,NULL,'Signed B-Form','',1,'Weeks',1,1,'Weeks',1,0,0,'',0,''),(4507,570,1,'Pending','2014-07-21',NULL,NULL,'Financial Agreement','',2,'Weeks',1,1,'Weeks',1,0,0,'',0,''),(4508,570,1,'Pending','2014-07-21',NULL,NULL,'Housing Agreement','',2,'Weeks',1,2,'Weeks',1,0,0,'',0,''),(4509,570,1,'Pending','2014-07-21',NULL,NULL,'Health Fund','',2,'Weeks',1,2,'Weeks',1,0,0,'',0,''),(4510,570,1,'Pending','2014-07-21',NULL,NULL,'Aspiration Programme','',2,'Weeks',1,2,'Weeks',1,0,0,'',0,''),(4511,570,1,'Pending','2014-07-21',NULL,NULL,'Contact Person','',2,'Weeks',1,2,'Weeks',1,0,0,'',0,''),(4512,570,2,'Pending','2014-07-21',NULL,NULL,'Self Assessment','',6,'Months',1,2,'Weeks',1,0,0,'',0,''),(4513,570,2,'Pending','2014-07-21',NULL,NULL,'Contact Person Report','',6,'Months',1,2,'Weeks',1,0,0,'',0,''),(4514,570,3,'Pending','2014-07-21',NULL,NULL,'Touch Base','',9,'Months',1,2,'Weeks',1,0,0,'',0,''),(4515,570,2,'Pending','2014-07-21',NULL,NULL,'Signed B-Form','',1,'Weeks',1,1,'Weeks',1,0,0,'',0,''),(4516,571,1,'Pending','2014-07-21',NULL,NULL,'Financial Agreement','',2,'Weeks',1,1,'Weeks',1,0,0,'',0,''),(4517,571,1,'Pending','2014-07-21',NULL,NULL,'Housing Agreement','',2,'Weeks',1,2,'Weeks',1,0,0,'',0,''),(4518,571,1,'Pending','2014-07-21',NULL,NULL,'Health Fund','',2,'Weeks',1,2,'Weeks',1,0,0,'',0,''),(4519,571,1,'Pending','2014-07-21',NULL,NULL,'Aspiration Programme','',2,'Weeks',1,2,'Weeks',1,0,0,'',0,''),(4520,571,1,'Pending','2014-07-21',NULL,NULL,'Contact Person','',2,'Weeks',1,2,'Weeks',1,0,0,'',0,''),(4521,571,2,'Pending','2014-07-21',NULL,NULL,'Self Assessment','',6,'Months',1,2,'Weeks',1,0,0,'',0,''),(4522,571,2,'Pending','2014-07-21',NULL,NULL,'Contact Person Report','',6,'Months',1,2,'Weeks',1,0,0,'',0,''),(4523,571,3,'Pending','2014-07-21',NULL,NULL,'Touch Base','',9,'Months',1,2,'Weeks',1,0,0,'',0,''),(4524,571,2,'Pending','2014-07-21',NULL,NULL,'Signed B-Form','',1,'Weeks',1,1,'Weeks',1,0,0,'',0,''),(4525,572,1,'Pending','2014-07-21',NULL,NULL,'Financial Agreement','',2,'Weeks',1,1,'Weeks',1,0,0,'',0,''),(4526,572,1,'Pending','2014-07-21',NULL,NULL,'Housing Agreement','',2,'Weeks',1,2,'Weeks',1,0,0,'',0,''),(4527,572,1,'Pending','2014-07-21',NULL,NULL,'Health Fund','',2,'Weeks',1,2,'Weeks',1,0,0,'',0,''),(4528,572,1,'Pending','2014-07-21',NULL,NULL,'Aspiration Programme','',2,'Weeks',1,2,'Weeks',1,0,0,'',0,''),(4529,572,1,'Pending','2014-07-21',NULL,NULL,'Contact Person','',2,'Weeks',1,2,'Weeks',1,0,0,'',0,''),(4530,572,2,'Pending','2014-07-21',NULL,NULL,'Self Assessment','',6,'Months',1,2,'Weeks',1,0,0,'',0,''),(4531,572,2,'Pending','2014-07-21',NULL,NULL,'Contact Person Report','',6,'Months',1,2,'Weeks',1,0,0,'',0,''),(4532,572,3,'Pending','2014-07-21',NULL,NULL,'Touch Base','',9,'Months',1,2,'Weeks',1,0,0,'',0,''),(4533,572,2,'Pending','2014-07-21',NULL,NULL,'Signed B-Form','',1,'Weeks',1,1,'Weeks',1,0,0,'',0,''),(4534,573,1,'Pending','2014-07-21',NULL,NULL,'Financial Agreement','',2,'Weeks',1,1,'Weeks',1,0,0,'',0,''),(4535,573,1,'Pending','2014-07-21',NULL,NULL,'Housing Agreement','',2,'Weeks',1,2,'Weeks',1,0,0,'',0,''),(4536,573,1,'Pending','2014-07-21',NULL,NULL,'Health Fund','',2,'Weeks',1,2,'Weeks',1,0,0,'',0,''),(4537,573,1,'Pending','2014-07-21',NULL,NULL,'Aspiration Programme','',2,'Weeks',1,2,'Weeks',1,0,0,'',0,''),(4538,573,1,'Pending','2014-07-21',NULL,NULL,'Contact Person','',2,'Weeks',1,2,'Weeks',1,0,0,'',0,''),(4539,573,2,'Pending','2014-07-21',NULL,NULL,'Self Assessment','',6,'Months',1,2,'Weeks',1,0,0,'',0,''),(4540,573,2,'Pending','2014-07-21',NULL,NULL,'Contact Person Report','',6,'Months',1,2,'Weeks',1,0,0,'',0,''),(4541,573,3,'Pending','2014-07-21',NULL,NULL,'Touch Base','',9,'Months',1,2,'Weeks',1,0,0,'',0,''),(4542,573,2,'Pending','2014-07-21',NULL,NULL,'Signed B-Form','',1,'Weeks',1,1,'Weeks',1,0,0,'',0,''),(4543,574,1,'Pending','2014-07-21',NULL,NULL,'Financial Agreement','',2,'Weeks',1,1,'Weeks',1,0,0,'',0,''),(4544,574,1,'Pending','2014-07-21',NULL,NULL,'Housing Agreement','',2,'Weeks',1,2,'Weeks',1,0,0,'',0,''),(4545,574,1,'Pending','2014-07-21',NULL,NULL,'Health Fund','',2,'Weeks',1,2,'Weeks',1,0,0,'',0,''),(4546,574,1,'Pending','2014-07-21',NULL,NULL,'Aspiration Programme','',2,'Weeks',1,2,'Weeks',1,0,0,'',0,''),(4547,574,1,'Pending','2014-07-21',NULL,NULL,'Contact Person','',2,'Weeks',1,2,'Weeks',1,0,0,'',0,''),(4548,574,2,'Pending','2014-07-21',NULL,NULL,'Self Assessment','',6,'Months',1,2,'Weeks',1,0,0,'',0,''),(4549,574,2,'Pending','2014-07-21',NULL,NULL,'Contact Person Report','',6,'Months',1,2,'Weeks',1,0,0,'',0,''),(4550,574,3,'Pending','2014-07-21',NULL,NULL,'Touch Base','',9,'Months',1,2,'Weeks',1,0,0,'',0,''),(4551,574,2,'Pending','2014-07-21',NULL,NULL,'Signed B-Form','',1,'Weeks',1,1,'Weeks',1,0,0,'',0,''),(4552,575,1,'Pending','2014-07-21',NULL,NULL,'Financial Agreement','',2,'Weeks',1,1,'Weeks',1,0,0,'',0,''),(4553,575,1,'Pending','2014-07-21',NULL,NULL,'Housing Agreement','',2,'Weeks',1,2,'Weeks',1,0,0,'',0,''),(4554,575,1,'Pending','2014-07-21',NULL,NULL,'Health Fund','',2,'Weeks',1,2,'Weeks',1,0,0,'',0,''),(4555,575,1,'Pending','2014-07-21',NULL,NULL,'Aspiration Programme','',2,'Weeks',1,2,'Weeks',1,0,0,'',0,''),(4556,575,1,'Pending','2014-07-21',NULL,NULL,'Contact Person','',2,'Weeks',1,2,'Weeks',1,0,0,'',0,''),(4557,575,2,'Pending','2014-07-21',NULL,NULL,'Self Assessment','',6,'Months',1,2,'Weeks',1,0,0,'',0,''),(4558,575,2,'Pending','2014-07-21',NULL,NULL,'Contact Person Report','',6,'Months',1,2,'Weeks',1,0,0,'',0,''),(4559,575,3,'Pending','2014-07-21',NULL,NULL,'Touch Base','',9,'Months',1,2,'Weeks',1,0,0,'',0,''),(4560,575,2,'Pending','2014-07-21',NULL,NULL,'Signed B-Form','',1,'Weeks',1,1,'Weeks',1,0,0,'',0,''),(4561,576,1,'Pending','2014-07-21',NULL,NULL,'Financial Agreement','',2,'Weeks',1,1,'Weeks',1,0,0,'',0,''),(4562,576,1,'Pending','2014-07-21',NULL,NULL,'Housing Agreement','',2,'Weeks',1,2,'Weeks',1,0,0,'',0,''),(4563,576,1,'Pending','2014-07-21',NULL,NULL,'Health Fund','',2,'Weeks',1,2,'Weeks',1,0,0,'',0,''),(4564,576,1,'Pending','2014-07-21',NULL,NULL,'Aspiration Programme','',2,'Weeks',1,2,'Weeks',1,0,0,'',0,''),(4565,576,1,'Pending','2014-07-21',NULL,NULL,'Contact Person','',2,'Weeks',1,2,'Weeks',1,0,0,'',0,''),(4566,576,2,'Pending','2014-07-21',NULL,NULL,'Self Assessment','',6,'Months',1,2,'Weeks',1,0,0,'',0,''),(4567,576,2,'Pending','2014-07-21',NULL,NULL,'Contact Person Report','',6,'Months',1,2,'Weeks',1,0,0,'',0,''),(4568,576,3,'Pending','2014-07-21',NULL,NULL,'Touch Base','',9,'Months',1,2,'Weeks',1,0,0,'',0,''),(4569,576,2,'Pending','2014-07-21',NULL,NULL,'Signed B-Form','',1,'Weeks',1,1,'Weeks',1,0,0,'',0,''),(4570,577,1,'Pending','2014-07-21',NULL,NULL,'Financial Agreement','',2,'Weeks',1,1,'Weeks',1,0,0,'',0,''),(4571,577,1,'Pending','2014-07-21',NULL,NULL,'Housing Agreement','',2,'Weeks',1,2,'Weeks',1,0,0,'',0,''),(4572,577,1,'Pending','2014-07-21',NULL,NULL,'Health Fund','',2,'Weeks',1,2,'Weeks',1,0,0,'',0,''),(4573,577,1,'Pending','2014-07-21',NULL,NULL,'Aspiration Programme','',2,'Weeks',1,2,'Weeks',1,0,0,'',0,''),(4574,577,1,'Pending','2014-07-21',NULL,NULL,'Contact Person','',2,'Weeks',1,2,'Weeks',1,0,0,'',0,''),(4575,577,2,'Pending','2014-07-21',NULL,NULL,'Self Assessment','',6,'Months',1,2,'Weeks',1,0,0,'',0,''),(4576,577,2,'Pending','2014-07-21',NULL,NULL,'Contact Person Report','',6,'Months',1,2,'Weeks',1,0,0,'',0,''),(4577,577,3,'Pending','2014-07-21',NULL,NULL,'Touch Base','',9,'Months',1,2,'Weeks',1,0,0,'',0,''),(4578,577,2,'Pending','2014-07-21',NULL,NULL,'Signed B-Form','',1,'Weeks',1,1,'Weeks',1,0,0,'',0,''),(4579,578,1,'Pending','2014-07-21',NULL,NULL,'Financial Agreement','',2,'Weeks',1,1,'Weeks',1,0,0,'',0,''),(4580,578,1,'Pending','2014-07-21',NULL,NULL,'Housing Agreement','',2,'Weeks',1,2,'Weeks',1,0,0,'',0,''),(4581,578,1,'Pending','2014-07-21',NULL,NULL,'Health Fund','',2,'Weeks',1,2,'Weeks',1,0,0,'',0,''),(4582,578,1,'Pending','2014-07-21',NULL,NULL,'Aspiration Programme','',2,'Weeks',1,2,'Weeks',1,0,0,'',0,''),(4583,578,1,'Pending','2014-07-21',NULL,NULL,'Contact Person','',2,'Weeks',1,2,'Weeks',1,0,0,'',0,''),(4584,578,2,'Pending','2014-07-21',NULL,NULL,'Self Assessment','',6,'Months',1,2,'Weeks',1,0,0,'',0,''),(4585,578,2,'Pending','2014-07-21',NULL,NULL,'Contact Person Report','',6,'Months',1,2,'Weeks',1,0,0,'',0,''),(4586,578,3,'Pending','2014-07-21',NULL,NULL,'Touch Base','',9,'Months',1,2,'Weeks',1,0,0,'',0,''),(4587,578,2,'Pending','2014-07-21',NULL,NULL,'Signed B-Form','',1,'Weeks',1,1,'Weeks',1,0,0,'',0,''),(4588,579,1,'Pending','2014-07-21',NULL,NULL,'Financial Agreement','',2,'Weeks',1,1,'Weeks',1,0,0,'',0,''),(4589,579,1,'Pending','2014-07-21',NULL,NULL,'Housing Agreement','',2,'Weeks',1,2,'Weeks',1,0,0,'',0,''),(4590,579,1,'Pending','2014-07-21',NULL,NULL,'Health Fund','',2,'Weeks',1,2,'Weeks',1,0,0,'',0,''),(4591,579,1,'Pending','2014-07-21',NULL,NULL,'Aspiration Programme','',2,'Weeks',1,2,'Weeks',1,0,0,'',0,''),(4592,579,1,'Pending','2014-07-21',NULL,NULL,'Contact Person','',2,'Weeks',1,2,'Weeks',1,0,0,'',0,''),(4593,579,2,'Pending','2014-07-21',NULL,NULL,'Self Assessment','',6,'Months',1,2,'Weeks',1,0,0,'',0,''),(4594,579,2,'Pending','2014-07-21',NULL,NULL,'Contact Person Report','',6,'Months',1,2,'Weeks',1,0,0,'',0,''),(4595,579,3,'Pending','2014-07-21',NULL,NULL,'Touch Base','',9,'Months',1,2,'Weeks',1,0,0,'',0,''),(4596,579,2,'Pending','2014-07-21',NULL,NULL,'Signed B-Form','',1,'Weeks',1,1,'Weeks',1,0,0,'',0,''),(4597,580,1,'Pending','2014-07-21',NULL,NULL,'Financial Agreement','',2,'Weeks',1,1,'Weeks',1,0,0,'',0,''),(4598,580,1,'Pending','2014-07-21',NULL,NULL,'Housing Agreement','',2,'Weeks',1,2,'Weeks',1,0,0,'',0,''),(4599,580,1,'Pending','2014-07-21',NULL,NULL,'Health Fund','',2,'Weeks',1,2,'Weeks',1,0,0,'',0,''),(4600,580,1,'Pending','2014-07-21',NULL,NULL,'Aspiration Programme','',2,'Weeks',1,2,'Weeks',1,0,0,'',0,''),(4601,580,1,'Pending','2014-07-21',NULL,NULL,'Contact Person','',2,'Weeks',1,2,'Weeks',1,0,0,'',0,''),(4602,580,2,'Pending','2014-07-21',NULL,NULL,'Self Assessment','',6,'Months',1,2,'Weeks',1,0,0,'',0,''),(4603,580,2,'Pending','2014-07-21',NULL,NULL,'Contact Person Report','',6,'Months',1,2,'Weeks',1,0,0,'',0,''),(4604,580,3,'Pending','2014-07-21',NULL,NULL,'Touch Base','',9,'Months',1,2,'Weeks',1,0,0,'',0,''),(4605,580,2,'Pending','2014-07-21',NULL,NULL,'Signed B-Form','',1,'Weeks',1,1,'Weeks',1,0,0,'',0,''),(4606,581,1,'Pending','2014-07-21',NULL,NULL,'Financial Agreement','',2,'Weeks',1,1,'Weeks',1,0,0,'',0,''),(4607,581,1,'Pending','2014-07-21',NULL,NULL,'Housing Agreement','',2,'Weeks',1,2,'Weeks',1,0,0,'',0,''),(4608,581,1,'Pending','2014-07-21',NULL,NULL,'Health Fund','',2,'Weeks',1,2,'Weeks',1,0,0,'',0,''),(4609,581,1,'Pending','2014-07-21',NULL,NULL,'Aspiration Programme','',2,'Weeks',1,2,'Weeks',1,0,0,'',0,''),(4610,581,1,'Pending','2014-07-21',NULL,NULL,'Contact Person','',2,'Weeks',1,2,'Weeks',1,0,0,'',0,''),(4611,581,2,'Pending','2014-07-21',NULL,NULL,'Self Assessment','',6,'Months',1,2,'Weeks',1,0,0,'',0,''),(4612,581,2,'Pending','2014-07-21',NULL,NULL,'Contact Person Report','',6,'Months',1,2,'Weeks',1,0,0,'',0,''),(4613,581,3,'Pending','2014-07-21',NULL,NULL,'Touch Base','',9,'Months',1,2,'Weeks',1,0,0,'',0,''),(4614,581,2,'Pending','2014-07-21',NULL,NULL,'Signed B-Form','',1,'Weeks',1,1,'Weeks',1,0,0,'',0,''),(4615,582,1,'Pending','2014-07-21',NULL,NULL,'Financial Agreement','',2,'Weeks',1,1,'Weeks',1,0,0,'',0,''),(4616,582,1,'Pending','2014-07-21',NULL,NULL,'Housing Agreement','',2,'Weeks',1,2,'Weeks',1,0,0,'',0,''),(4617,582,1,'Pending','2014-07-21',NULL,NULL,'Health Fund','',2,'Weeks',1,2,'Weeks',1,0,0,'',0,''),(4618,582,1,'Pending','2014-07-21',NULL,NULL,'Aspiration Programme','',2,'Weeks',1,2,'Weeks',1,0,0,'',0,''),(4619,582,1,'Pending','2014-07-21',NULL,NULL,'Contact Person','',2,'Weeks',1,2,'Weeks',1,0,0,'',0,''),(4620,582,2,'Pending','2014-07-21',NULL,NULL,'Self Assessment','',6,'Months',1,2,'Weeks',1,0,0,'',0,''),(4621,582,2,'Pending','2014-07-21',NULL,NULL,'Contact Person Report','',6,'Months',1,2,'Weeks',1,0,0,'',0,''),(4622,582,3,'Pending','2014-07-21',NULL,NULL,'Touch Base','',9,'Months',1,2,'Weeks',1,0,0,'',0,''),(4623,582,2,'Pending','2014-07-21',NULL,NULL,'Signed B-Form','',1,'Weeks',1,1,'Weeks',1,0,0,'',0,''),(4624,583,1,'Pending','2014-07-21',NULL,NULL,'Financial Agreement','',2,'Weeks',1,1,'Weeks',1,0,0,'',0,''),(4625,583,1,'Pending','2014-07-21',NULL,NULL,'Housing Agreement','',2,'Weeks',1,2,'Weeks',1,0,0,'',0,''),(4626,583,1,'Pending','2014-07-21',NULL,NULL,'Health Fund','',2,'Weeks',1,2,'Weeks',1,0,0,'',0,''),(4627,583,1,'Pending','2014-07-21',NULL,NULL,'Aspiration Programme','',2,'Weeks',1,2,'Weeks',1,0,0,'',0,''),(4628,583,1,'Pending','2014-07-21',NULL,NULL,'Contact Person','',2,'Weeks',1,2,'Weeks',1,0,0,'',0,''),(4629,583,2,'Pending','2014-07-21',NULL,NULL,'Self Assessment','',6,'Months',1,2,'Weeks',1,0,0,'',0,''),(4630,583,2,'Pending','2014-07-21',NULL,NULL,'Contact Person Report','',6,'Months',1,2,'Weeks',1,0,0,'',0,''),(4631,583,3,'Pending','2014-07-21',NULL,NULL,'Touch Base','',9,'Months',1,2,'Weeks',1,0,0,'',0,''),(4632,583,2,'Pending','2014-07-21',NULL,NULL,'Signed B-Form','',1,'Weeks',1,1,'Weeks',1,0,0,'',0,''),(4633,584,1,'Pending','2014-07-21',NULL,NULL,'Financial Agreement','',2,'Weeks',1,1,'Weeks',1,0,0,'',0,''),(4634,584,1,'Pending','2014-07-21',NULL,NULL,'Housing Agreement','',2,'Weeks',1,2,'Weeks',1,0,0,'',0,''),(4635,584,1,'Pending','2014-07-21',NULL,NULL,'Health Fund','',2,'Weeks',1,2,'Weeks',1,0,0,'',0,''),(4636,584,1,'Pending','2014-07-21',NULL,NULL,'Aspiration Programme','',2,'Weeks',1,2,'Weeks',1,0,0,'',0,''),(4637,584,1,'Pending','2014-07-21',NULL,NULL,'Contact Person','',2,'Weeks',1,2,'Weeks',1,0,0,'',0,''),(4638,584,2,'Pending','2014-07-21',NULL,NULL,'Self Assessment','',6,'Months',1,2,'Weeks',1,0,0,'',0,''),(4639,584,2,'Pending','2014-07-21',NULL,NULL,'Contact Person Report','',6,'Months',1,2,'Weeks',1,0,0,'',0,''),(4640,584,3,'Pending','2014-07-21',NULL,NULL,'Touch Base','',9,'Months',1,2,'Weeks',1,0,0,'',0,''),(4641,584,2,'Pending','2014-07-21',NULL,NULL,'Signed B-Form','',1,'Weeks',1,1,'Weeks',1,0,0,'',0,''),(4642,585,1,'Pending','2014-07-21',NULL,NULL,'Financial Agreement','',2,'Weeks',1,1,'Weeks',1,0,0,'',0,''),(4643,585,1,'Pending','2014-07-21',NULL,NULL,'Housing Agreement','',2,'Weeks',1,2,'Weeks',1,0,0,'',0,''),(4644,585,1,'Pending','2014-07-21',NULL,NULL,'Health Fund','',2,'Weeks',1,2,'Weeks',1,0,0,'',0,''),(4645,585,1,'Pending','2014-07-21',NULL,NULL,'Aspiration Programme','',2,'Weeks',1,2,'Weeks',1,0,0,'',0,''),(4646,585,1,'Pending','2014-07-21',NULL,NULL,'Contact Person','',2,'Weeks',1,2,'Weeks',1,0,0,'',0,''),(4647,585,2,'Pending','2014-07-21',NULL,NULL,'Self Assessment','',6,'Months',1,2,'Weeks',1,0,0,'',0,''),(4648,585,2,'Pending','2014-07-21',NULL,NULL,'Contact Person Report','',6,'Months',1,2,'Weeks',1,0,0,'',0,''),(4649,585,3,'Pending','2014-07-21',NULL,NULL,'Touch Base','',9,'Months',1,2,'Weeks',1,0,0,'',0,''),(4650,585,2,'Pending','2014-07-21',NULL,NULL,'Signed B-Form','',1,'Weeks',1,1,'Weeks',1,0,0,'',0,''),(4651,586,1,'Pending','2014-07-21',NULL,NULL,'Financial Agreement','',2,'Weeks',1,1,'Weeks',1,0,0,'',0,''),(4652,586,1,'Pending','2014-07-21',NULL,NULL,'Housing Agreement','',2,'Weeks',1,2,'Weeks',1,0,0,'',0,''),(4653,586,1,'Pending','2014-07-21',NULL,NULL,'Health Fund','',2,'Weeks',1,2,'Weeks',1,0,0,'',0,''),(4654,586,1,'Pending','2014-07-21',NULL,NULL,'Aspiration Programme','',2,'Weeks',1,2,'Weeks',1,0,0,'',0,''),(4655,586,1,'Pending','2014-07-21',NULL,NULL,'Contact Person','',2,'Weeks',1,2,'Weeks',1,0,0,'',0,''),(4656,586,2,'Pending','2014-07-21',NULL,NULL,'Self Assessment','',6,'Months',1,2,'Weeks',1,0,0,'',0,''),(4657,586,2,'Pending','2014-07-21',NULL,NULL,'Contact Person Report','',6,'Months',1,2,'Weeks',1,0,0,'',0,''),(4658,586,3,'Pending','2014-07-21',NULL,NULL,'Touch Base','',9,'Months',1,2,'Weeks',1,0,0,'',0,''),(4659,586,2,'Pending','2014-07-21',NULL,NULL,'Signed B-Form','',1,'Weeks',1,1,'Weeks',1,0,0,'',0,''),(4660,587,1,'Pending','2014-07-21',NULL,NULL,'Financial Agreement','',2,'Weeks',1,1,'Weeks',1,0,0,'',0,''),(4661,587,1,'Pending','2014-07-21',NULL,NULL,'Housing Agreement','',2,'Weeks',1,2,'Weeks',1,0,0,'',0,''),(4662,587,1,'Pending','2014-07-21',NULL,NULL,'Health Fund','',2,'Weeks',1,2,'Weeks',1,0,0,'',0,''),(4663,587,1,'Pending','2014-07-21',NULL,NULL,'Aspiration Programme','',2,'Weeks',1,2,'Weeks',1,0,0,'',0,''),(4664,587,1,'Pending','2014-07-21',NULL,NULL,'Contact Person','',2,'Weeks',1,2,'Weeks',1,0,0,'',0,''),(4665,587,2,'Pending','2014-07-21',NULL,NULL,'Self Assessment','',6,'Months',1,2,'Weeks',1,0,0,'',0,''),(4666,587,2,'Pending','2014-07-21',NULL,NULL,'Contact Person Report','',6,'Months',1,2,'Weeks',1,0,0,'',0,''),(4667,587,3,'Pending','2014-07-21',NULL,NULL,'Touch Base','',9,'Months',1,2,'Weeks',1,0,0,'',0,''),(4668,587,2,'Pending','2014-07-21',NULL,NULL,'Signed B-Form','',1,'Weeks',1,1,'Weeks',1,0,0,'',0,''),(4669,588,1,'Pending','2014-07-21',NULL,NULL,'Financial Agreement','',2,'Weeks',1,1,'Weeks',1,0,0,'',0,''),(4670,588,1,'Pending','2014-07-21',NULL,NULL,'Housing Agreement','',2,'Weeks',1,2,'Weeks',1,0,0,'',0,''),(4671,588,1,'Pending','2014-07-21',NULL,NULL,'Health Fund','',2,'Weeks',1,2,'Weeks',1,0,0,'',0,''),(4672,588,1,'Pending','2014-07-21',NULL,NULL,'Aspiration Programme','',2,'Weeks',1,2,'Weeks',1,0,0,'',0,''),(4673,588,1,'Pending','2014-07-21',NULL,NULL,'Contact Person','',2,'Weeks',1,2,'Weeks',1,0,0,'',0,''),(4674,588,2,'Pending','2014-07-21',NULL,NULL,'Self Assessment','',6,'Months',1,2,'Weeks',1,0,0,'',0,''),(4675,588,2,'Pending','2014-07-21',NULL,NULL,'Contact Person Report','',6,'Months',1,2,'Weeks',1,0,0,'',0,''),(4676,588,3,'Pending','2014-07-21',NULL,NULL,'Touch Base','',9,'Months',1,2,'Weeks',1,0,0,'',0,''),(4677,588,2,'Pending','2014-07-21',NULL,NULL,'Signed B-Form','',1,'Weeks',1,1,'Weeks',1,0,0,'',0,''),(4678,589,1,'Pending','2014-07-21',NULL,NULL,'Financial Agreement','',2,'Weeks',1,1,'Weeks',1,0,0,'',0,''),(4679,589,1,'Pending','2014-07-21',NULL,NULL,'Housing Agreement','',2,'Weeks',1,2,'Weeks',1,0,0,'',0,''),(4680,589,1,'Pending','2014-07-21',NULL,NULL,'Health Fund','',2,'Weeks',1,2,'Weeks',1,0,0,'',0,''),(4681,589,1,'Pending','2014-07-21',NULL,NULL,'Aspiration Programme','',2,'Weeks',1,2,'Weeks',1,0,0,'',0,''),(4682,589,1,'Pending','2014-07-21',NULL,NULL,'Contact Person','',2,'Weeks',1,2,'Weeks',1,0,0,'',0,''),(4683,589,2,'Pending','2014-07-21',NULL,NULL,'Self Assessment','',6,'Months',1,2,'Weeks',1,0,0,'',0,''),(4684,589,2,'Pending','2014-07-21',NULL,NULL,'Contact Person Report','',6,'Months',1,2,'Weeks',1,0,0,'',0,''),(4685,589,3,'Pending','2014-07-21',NULL,NULL,'Touch Base','',9,'Months',1,2,'Weeks',1,0,0,'',0,''),(4686,589,2,'Pending','2014-07-21',NULL,NULL,'Signed B-Form','',1,'Weeks',1,1,'Weeks',1,0,0,'',0,''),(4687,590,1,'Pending','2014-07-21',NULL,NULL,'Financial Agreement','',2,'Weeks',1,1,'Weeks',1,0,0,'',0,''),(4688,590,1,'Pending','2014-07-21',NULL,NULL,'Housing Agreement','',2,'Weeks',1,2,'Weeks',1,0,0,'',0,''),(4689,590,1,'Pending','2014-07-21',NULL,NULL,'Health Fund','',2,'Weeks',1,2,'Weeks',1,0,0,'',0,''),(4690,590,1,'Pending','2014-07-21',NULL,NULL,'Aspiration Programme','',2,'Weeks',1,2,'Weeks',1,0,0,'',0,''),(4691,590,1,'Pending','2014-07-21',NULL,NULL,'Contact Person','',2,'Weeks',1,2,'Weeks',1,0,0,'',0,''),(4692,590,2,'Pending','2014-07-21',NULL,NULL,'Self Assessment','',6,'Months',1,2,'Weeks',1,0,0,'',0,''),(4693,590,2,'Pending','2014-07-21',NULL,NULL,'Contact Person Report','',6,'Months',1,2,'Weeks',1,0,0,'',0,''),(4694,590,3,'Pending','2014-07-21',NULL,NULL,'Touch Base','',9,'Months',1,2,'Weeks',1,0,0,'',0,''),(4695,590,2,'Pending','2014-07-21',NULL,NULL,'Signed B-Form','',1,'Weeks',1,1,'Weeks',1,0,0,'',0,''),(4696,591,1,'Pending','2014-07-21',NULL,NULL,'Financial Agreement','',2,'Weeks',1,1,'Weeks',1,0,0,'',0,''),(4697,591,1,'Pending','2014-07-21',NULL,NULL,'Housing Agreement','',2,'Weeks',1,2,'Weeks',1,0,0,'',0,''),(4698,591,1,'Pending','2014-07-21',NULL,NULL,'Health Fund','',2,'Weeks',1,2,'Weeks',1,0,0,'',0,''),(4699,591,1,'Pending','2014-07-21',NULL,NULL,'Aspiration Programme','',2,'Weeks',1,2,'Weeks',1,0,0,'',0,''),(4700,591,1,'Pending','2014-07-21',NULL,NULL,'Contact Person','',2,'Weeks',1,2,'Weeks',1,0,0,'',0,''),(4701,591,2,'Pending','2014-07-21',NULL,NULL,'Self Assessment','',6,'Months',1,2,'Weeks',1,0,0,'',0,''),(4702,591,2,'Pending','2014-07-21',NULL,NULL,'Contact Person Report','',6,'Months',1,2,'Weeks',1,0,0,'',0,''),(4703,591,3,'Pending','2014-07-21',NULL,NULL,'Touch Base','',9,'Months',1,2,'Weeks',1,0,0,'',0,''),(4704,591,2,'Pending','2014-07-21',NULL,NULL,'Signed B-Form','',1,'Weeks',1,1,'Weeks',1,0,0,'',0,''),(4705,592,1,'Pending','2014-07-21',NULL,NULL,'Financial Agreement','',2,'Weeks',1,1,'Weeks',1,0,0,'',0,''),(4706,592,1,'Pending','2014-07-21',NULL,NULL,'Housing Agreement','',2,'Weeks',1,2,'Weeks',1,0,0,'',0,''),(4707,592,1,'Pending','2014-07-21',NULL,NULL,'Health Fund','',2,'Weeks',1,2,'Weeks',1,0,0,'',0,''),(4708,592,1,'Pending','2014-07-21',NULL,NULL,'Aspiration Programme','',2,'Weeks',1,2,'Weeks',1,0,0,'',0,''),(4709,592,1,'Pending','2014-07-21',NULL,NULL,'Contact Person','',2,'Weeks',1,2,'Weeks',1,0,0,'',0,''),(4710,592,2,'Pending','2014-07-21',NULL,NULL,'Self Assessment','',6,'Months',1,2,'Weeks',1,0,0,'',0,''),(4711,592,2,'Pending','2014-07-21',NULL,NULL,'Contact Person Report','',6,'Months',1,2,'Weeks',1,0,0,'',0,''),(4712,592,3,'Pending','2014-07-21',NULL,NULL,'Touch Base','',9,'Months',1,2,'Weeks',1,0,0,'',0,''),(4713,592,2,'Pending','2014-07-21',NULL,NULL,'Signed B-Form','',1,'Weeks',1,1,'Weeks',1,0,0,'',0,''),(4714,593,1,'Pending','2014-07-21',NULL,NULL,'Financial Agreement','',2,'Weeks',1,1,'Weeks',1,0,0,'',0,''),(4715,593,1,'Pending','2014-07-21',NULL,NULL,'Housing Agreement','',2,'Weeks',1,2,'Weeks',1,0,0,'',0,''),(4716,593,1,'Pending','2014-07-21',NULL,NULL,'Health Fund','',2,'Weeks',1,2,'Weeks',1,0,0,'',0,''),(4717,593,1,'Pending','2014-07-21',NULL,NULL,'Aspiration Programme','',2,'Weeks',1,2,'Weeks',1,0,0,'',0,''),(4718,593,1,'Pending','2014-07-21',NULL,NULL,'Contact Person','',2,'Weeks',1,2,'Weeks',1,0,0,'',0,''),(4719,593,2,'Pending','2014-07-21',NULL,NULL,'Self Assessment','',6,'Months',1,2,'Weeks',1,0,0,'',0,''),(4720,593,2,'Pending','2014-07-21',NULL,NULL,'Contact Person Report','',6,'Months',1,2,'Weeks',1,0,0,'',0,''),(4721,593,3,'Pending','2014-07-21',NULL,NULL,'Touch Base','',9,'Months',1,2,'Weeks',1,0,0,'',0,''),(4722,593,2,'Pending','2014-07-21',NULL,NULL,'Signed B-Form','',1,'Weeks',1,1,'Weeks',1,0,0,'',0,''),(4723,594,1,'Pending','2014-07-21',NULL,NULL,'Financial Agreement','',2,'Weeks',1,1,'Weeks',1,0,0,'',0,''),(4724,594,1,'Pending','2014-07-21',NULL,NULL,'Housing Agreement','',2,'Weeks',1,2,'Weeks',1,0,0,'',0,''),(4725,594,1,'Pending','2014-07-21',NULL,NULL,'Health Fund','',2,'Weeks',1,2,'Weeks',1,0,0,'',0,''),(4726,594,1,'Pending','2014-07-21',NULL,NULL,'Aspiration Programme','',2,'Weeks',1,2,'Weeks',1,0,0,'',0,''),(4727,594,1,'Pending','2014-07-21',NULL,NULL,'Contact Person','',2,'Weeks',1,2,'Weeks',1,0,0,'',0,''),(4728,594,2,'Pending','2014-07-21',NULL,NULL,'Self Assessment','',6,'Months',1,2,'Weeks',1,0,0,'',0,''),(4729,594,2,'Pending','2014-07-21',NULL,NULL,'Contact Person Report','',6,'Months',1,2,'Weeks',1,0,0,'',0,''),(4730,594,3,'Pending','2014-07-21',NULL,NULL,'Touch Base','',9,'Months',1,2,'Weeks',1,0,0,'',0,''),(4731,594,2,'Pending','2014-07-21',NULL,NULL,'Signed B-Form','',1,'Weeks',1,1,'Weeks',1,0,0,'',0,''),(4732,595,1,'Pending','2014-07-21',NULL,NULL,'Financial Agreement','',2,'Weeks',1,1,'Weeks',1,0,0,'',0,''),(4733,595,1,'Pending','2014-07-21',NULL,NULL,'Housing Agreement','',2,'Weeks',1,2,'Weeks',1,0,0,'',0,''),(4734,595,1,'Pending','2014-07-21',NULL,NULL,'Health Fund','',2,'Weeks',1,2,'Weeks',1,0,0,'',0,''),(4735,595,1,'Pending','2014-07-21',NULL,NULL,'Aspiration Programme','',2,'Weeks',1,2,'Weeks',1,0,0,'',0,''),(4736,595,1,'Pending','2014-07-21',NULL,NULL,'Contact Person','',2,'Weeks',1,2,'Weeks',1,0,0,'',0,''),(4737,595,2,'Pending','2014-07-21',NULL,NULL,'Self Assessment','',6,'Months',1,2,'Weeks',1,0,0,'',0,''),(4738,595,2,'Pending','2014-07-21',NULL,NULL,'Contact Person Report','',6,'Months',1,2,'Weeks',1,0,0,'',0,''),(4739,595,3,'Pending','2014-07-21',NULL,NULL,'Touch Base','',9,'Months',1,2,'Weeks',1,0,0,'',0,''),(4740,595,2,'Pending','2014-07-21',NULL,NULL,'Signed B-Form','',1,'Weeks',1,1,'Weeks',1,0,0,'',0,''),(4741,596,1,'Pending','2014-07-21',NULL,NULL,'Financial Agreement','',2,'Weeks',1,1,'Weeks',1,0,0,'',0,''),(4742,596,1,'Pending','2014-07-21',NULL,NULL,'Housing Agreement','',2,'Weeks',1,2,'Weeks',1,0,0,'',0,''),(4743,596,1,'Pending','2014-07-21',NULL,NULL,'Health Fund','',2,'Weeks',1,2,'Weeks',1,0,0,'',0,''),(4744,596,1,'Pending','2014-07-21',NULL,NULL,'Aspiration Programme','',2,'Weeks',1,2,'Weeks',1,0,0,'',0,''),(4745,596,1,'Pending','2014-07-21',NULL,NULL,'Contact Person','',2,'Weeks',1,2,'Weeks',1,0,0,'',0,''),(4746,596,2,'Pending','2014-07-21',NULL,NULL,'Self Assessment','',6,'Months',1,2,'Weeks',1,0,0,'',0,''),(4747,596,2,'Pending','2014-07-21',NULL,NULL,'Contact Person Report','',6,'Months',1,2,'Weeks',1,0,0,'',0,''),(4748,596,3,'Pending','2014-07-21',NULL,NULL,'Touch Base','',9,'Months',1,2,'Weeks',1,0,0,'',0,''),(4749,596,2,'Pending','2014-07-21',NULL,NULL,'Signed B-Form','',1,'Weeks',1,1,'Weeks',1,0,0,'',0,''),(4750,597,1,'Pending','2014-07-21',NULL,NULL,'Financial Agreement','',2,'Weeks',1,1,'Weeks',1,0,0,'',0,''),(4751,597,1,'Pending','2014-07-21',NULL,NULL,'Housing Agreement','',2,'Weeks',1,2,'Weeks',1,0,0,'',0,''),(4752,597,1,'Pending','2014-07-21',NULL,NULL,'Health Fund','',2,'Weeks',1,2,'Weeks',1,0,0,'',0,''),(4753,597,1,'Pending','2014-07-21',NULL,NULL,'Aspiration Programme','',2,'Weeks',1,2,'Weeks',1,0,0,'',0,''),(4754,597,1,'Pending','2014-07-21',NULL,NULL,'Contact Person','',2,'Weeks',1,2,'Weeks',1,0,0,'',0,''),(4755,597,2,'Pending','2014-07-21',NULL,NULL,'Self Assessment','',6,'Months',1,2,'Weeks',1,0,0,'',0,''),(4756,597,2,'Pending','2014-07-21',NULL,NULL,'Contact Person Report','',6,'Months',1,2,'Weeks',1,0,0,'',0,''),(4757,597,3,'Pending','2014-07-21',NULL,NULL,'Touch Base','',9,'Months',1,2,'Weeks',1,0,0,'',0,''),(4758,597,2,'Pending','2014-07-21',NULL,NULL,'Signed B-Form','',1,'Weeks',1,1,'Weeks',1,0,0,'',0,''),(4759,598,1,'Pending','2014-07-21',NULL,NULL,'Financial Agreement','',2,'Weeks',1,1,'Weeks',1,0,0,'',0,''),(4760,598,1,'Pending','2014-07-21',NULL,NULL,'Housing Agreement','',2,'Weeks',1,2,'Weeks',1,0,0,'',0,''),(4761,598,1,'Pending','2014-07-21',NULL,NULL,'Health Fund','',2,'Weeks',1,2,'Weeks',1,0,0,'',0,''),(4762,598,1,'Pending','2014-07-21',NULL,NULL,'Aspiration Programme','',2,'Weeks',1,2,'Weeks',1,0,0,'',0,''),(4763,598,1,'Pending','2014-07-21',NULL,NULL,'Contact Person','',2,'Weeks',1,2,'Weeks',1,0,0,'',0,''),(4764,598,2,'Pending','2014-07-21',NULL,NULL,'Self Assessment','',6,'Months',1,2,'Weeks',1,0,0,'',0,''),(4765,598,2,'Pending','2014-07-21',NULL,NULL,'Contact Person Report','',6,'Months',1,2,'Weeks',1,0,0,'',0,''),(4766,598,3,'Pending','2014-07-21',NULL,NULL,'Touch Base','',9,'Months',1,2,'Weeks',1,0,0,'',0,''),(4767,598,2,'Pending','2014-07-21',NULL,NULL,'Signed B-Form','',1,'Weeks',1,1,'Weeks',1,0,0,'',0,''),(4768,599,1,'Pending','2014-07-21',NULL,NULL,'Financial Agreement','',2,'Weeks',1,1,'Weeks',1,0,0,'',0,''),(4769,599,1,'Pending','2014-07-21',NULL,NULL,'Housing Agreement','',2,'Weeks',1,2,'Weeks',1,0,0,'',0,''),(4770,599,1,'Pending','2014-07-21',NULL,NULL,'Health Fund','',2,'Weeks',1,2,'Weeks',1,0,0,'',0,''),(4771,599,1,'Pending','2014-07-21',NULL,NULL,'Aspiration Programme','',2,'Weeks',1,2,'Weeks',1,0,0,'',0,''),(4772,599,1,'Pending','2014-07-21',NULL,NULL,'Contact Person','',2,'Weeks',1,2,'Weeks',1,0,0,'',0,''),(4773,599,2,'Pending','2014-07-21',NULL,NULL,'Self Assessment','',6,'Months',1,2,'Weeks',1,0,0,'',0,''),(4774,599,2,'Pending','2014-07-21',NULL,NULL,'Contact Person Report','',6,'Months',1,2,'Weeks',1,0,0,'',0,''),(4775,599,3,'Pending','2014-07-21',NULL,NULL,'Touch Base','',9,'Months',1,2,'Weeks',1,0,0,'',0,''),(4776,599,2,'Pending','2014-07-21',NULL,NULL,'Signed B-Form','',1,'Weeks',1,1,'Weeks',1,0,0,'',0,''),(4777,600,1,'Pending','2014-07-21',NULL,NULL,'Financial Agreement','',2,'Weeks',1,1,'Weeks',1,0,0,'',0,''),(4778,600,1,'Pending','2014-07-21',NULL,NULL,'Housing Agreement','',2,'Weeks',1,2,'Weeks',1,0,0,'',0,''),(4779,600,1,'Pending','2014-07-21',NULL,NULL,'Health Fund','',2,'Weeks',1,2,'Weeks',1,0,0,'',0,''),(4780,600,1,'Pending','2014-07-21',NULL,NULL,'Aspiration Programme','',2,'Weeks',1,2,'Weeks',1,0,0,'',0,''),(4781,600,1,'Pending','2014-07-21',NULL,NULL,'Contact Person','',2,'Weeks',1,2,'Weeks',1,0,0,'',0,''),(4782,600,2,'Pending','2014-07-21',NULL,NULL,'Self Assessment','',6,'Months',1,2,'Weeks',1,0,0,'',0,''),(4783,600,2,'Pending','2014-07-21',NULL,NULL,'Contact Person Report','',6,'Months',1,2,'Weeks',1,0,0,'',0,''),(4784,600,3,'Pending','2014-07-21',NULL,NULL,'Touch Base','',9,'Months',1,2,'Weeks',1,0,0,'',0,''),(4785,600,2,'Pending','2014-07-21',NULL,NULL,'Signed B-Form','',1,'Weeks',1,1,'Weeks',1,0,0,'',0,''),(4786,601,1,'Pending','2014-07-21',NULL,NULL,'Financial Agreement','',2,'Weeks',1,1,'Weeks',1,0,0,'',0,''),(4787,601,1,'Pending','2014-07-21',NULL,NULL,'Housing Agreement','',2,'Weeks',1,2,'Weeks',1,0,0,'',0,''),(4788,601,1,'Pending','2014-07-21',NULL,NULL,'Health Fund','',2,'Weeks',1,2,'Weeks',1,0,0,'',0,''),(4789,601,1,'Pending','2014-07-21',NULL,NULL,'Aspiration Programme','',2,'Weeks',1,2,'Weeks',1,0,0,'',0,''),(4790,601,1,'Pending','2014-07-21',NULL,NULL,'Contact Person','',2,'Weeks',1,2,'Weeks',1,0,0,'',0,''),(4791,601,2,'Pending','2014-07-21',NULL,NULL,'Self Assessment','',6,'Months',1,2,'Weeks',1,0,0,'',0,''),(4792,601,2,'Pending','2014-07-21',NULL,NULL,'Contact Person Report','',6,'Months',1,2,'Weeks',1,0,0,'',0,''),(4793,601,3,'Pending','2014-07-21',NULL,NULL,'Touch Base','',9,'Months',1,2,'Weeks',1,0,0,'',0,''),(4794,601,2,'Pending','2014-07-21',NULL,NULL,'Signed B-Form','',1,'Weeks',1,1,'Weeks',1,0,0,'',0,''),(4795,602,1,'Pending','2014-07-21',NULL,NULL,'Financial Agreement','',2,'Weeks',1,1,'Weeks',1,0,0,'',0,''),(4796,602,1,'Pending','2014-07-21',NULL,NULL,'Housing Agreement','',2,'Weeks',1,2,'Weeks',1,0,0,'',0,''),(4797,602,1,'Pending','2014-07-21',NULL,NULL,'Health Fund','',2,'Weeks',1,2,'Weeks',1,0,0,'',0,''),(4798,602,1,'Pending','2014-07-21',NULL,NULL,'Aspiration Programme','',2,'Weeks',1,2,'Weeks',1,0,0,'',0,''),(4799,602,1,'Pending','2014-07-21',NULL,NULL,'Contact Person','',2,'Weeks',1,2,'Weeks',1,0,0,'',0,''),(4800,602,2,'Pending','2014-07-21',NULL,NULL,'Self Assessment','',6,'Months',1,2,'Weeks',1,0,0,'',0,''),(4801,602,2,'Pending','2014-07-21',NULL,NULL,'Contact Person Report','',6,'Months',1,2,'Weeks',1,0,0,'',0,''),(4802,602,3,'Pending','2014-07-21',NULL,NULL,'Touch Base','',9,'Months',1,2,'Weeks',1,0,0,'',0,''),(4803,602,2,'Pending','2014-07-21',NULL,NULL,'Signed B-Form','',1,'Weeks',1,1,'Weeks',1,0,0,'',0,''),(4804,603,1,'Pending','2014-07-21',NULL,NULL,'Financial Agreement','',2,'Weeks',1,1,'Weeks',1,0,0,'',0,''),(4805,603,1,'Pending','2014-07-21',NULL,NULL,'Housing Agreement','',2,'Weeks',1,2,'Weeks',1,0,0,'',0,''),(4806,603,1,'Pending','2014-07-21',NULL,NULL,'Health Fund','',2,'Weeks',1,2,'Weeks',1,0,0,'',0,''),(4807,603,1,'Pending','2014-07-21',NULL,NULL,'Aspiration Programme','',2,'Weeks',1,2,'Weeks',1,0,0,'',0,''),(4808,603,1,'Pending','2014-07-21',NULL,NULL,'Contact Person','',2,'Weeks',1,2,'Weeks',1,0,0,'',0,''),(4809,603,2,'Pending','2014-07-21',NULL,NULL,'Self Assessment','',6,'Months',1,2,'Weeks',1,0,0,'',0,''),(4810,603,2,'Pending','2014-07-21',NULL,NULL,'Contact Person Report','',6,'Months',1,2,'Weeks',1,0,0,'',0,''),(4811,603,3,'Pending','2014-07-21',NULL,NULL,'Touch Base','',9,'Months',1,2,'Weeks',1,0,0,'',0,''),(4812,603,2,'Pending','2014-07-21',NULL,NULL,'Signed B-Form','',1,'Weeks',1,1,'Weeks',1,0,0,'',0,''),(4813,604,1,'Pending','2014-07-21',NULL,NULL,'Financial Agreement','',2,'Weeks',1,1,'Weeks',1,0,0,'',0,''),(4814,604,1,'Pending','2014-07-21',NULL,NULL,'Housing Agreement','',2,'Weeks',1,2,'Weeks',1,0,0,'',0,''),(4815,604,1,'Pending','2014-07-21',NULL,NULL,'Health Fund','',2,'Weeks',1,2,'Weeks',1,0,0,'',0,''),(4816,604,1,'Pending','2014-07-21',NULL,NULL,'Aspiration Programme','',2,'Weeks',1,2,'Weeks',1,0,0,'',0,''),(4817,604,1,'Pending','2014-07-21',NULL,NULL,'Contact Person','',2,'Weeks',1,2,'Weeks',1,0,0,'',0,''),(4818,604,2,'Pending','2014-07-21',NULL,NULL,'Self Assessment','',6,'Months',1,2,'Weeks',1,0,0,'',0,''),(4819,604,2,'Pending','2014-07-21',NULL,NULL,'Contact Person Report','',6,'Months',1,2,'Weeks',1,0,0,'',0,''),(4820,604,3,'Pending','2014-07-21',NULL,NULL,'Touch Base','',9,'Months',1,2,'Weeks',1,0,0,'',0,''),(4821,604,2,'Pending','2014-07-21',NULL,NULL,'Signed B-Form','',1,'Weeks',1,1,'Weeks',1,0,0,'',0,''),(4822,605,1,'Pending','2014-07-21',NULL,NULL,'Financial Agreement','',2,'Weeks',1,1,'Weeks',1,0,0,'',0,''),(4823,605,1,'Pending','2014-07-21',NULL,NULL,'Housing Agreement','',2,'Weeks',1,2,'Weeks',1,0,0,'',0,''),(4824,605,1,'Pending','2014-07-21',NULL,NULL,'Health Fund','',2,'Weeks',1,2,'Weeks',1,0,0,'',0,''),(4825,605,1,'Pending','2014-07-21',NULL,NULL,'Aspiration Programme','',2,'Weeks',1,2,'Weeks',1,0,0,'',0,''),(4826,605,1,'Pending','2014-07-21',NULL,NULL,'Contact Person','',2,'Weeks',1,2,'Weeks',1,0,0,'',0,''),(4827,605,2,'Pending','2014-07-21',NULL,NULL,'Self Assessment','',6,'Months',1,2,'Weeks',1,0,0,'',0,''),(4828,605,2,'Pending','2014-07-21',NULL,NULL,'Contact Person Report','',6,'Months',1,2,'Weeks',1,0,0,'',0,''),(4829,605,3,'Pending','2014-07-21',NULL,NULL,'Touch Base','',9,'Months',1,2,'Weeks',1,0,0,'',0,''),(4830,605,2,'Pending','2014-07-21',NULL,NULL,'Signed B-Form','',1,'Weeks',1,1,'Weeks',1,0,0,'',0,''),(4831,606,1,'Pending','2014-07-21',NULL,NULL,'Financial Agreement','',2,'Weeks',1,1,'Weeks',1,0,0,'',0,''),(4832,606,1,'Pending','2014-07-21',NULL,NULL,'Housing Agreement','',2,'Weeks',1,2,'Weeks',1,0,0,'',0,''),(4833,606,1,'Pending','2014-07-21',NULL,NULL,'Health Fund','',2,'Weeks',1,2,'Weeks',1,0,0,'',0,''),(4834,606,1,'Pending','2014-07-21',NULL,NULL,'Aspiration Programme','',2,'Weeks',1,2,'Weeks',1,0,0,'',0,''),(4835,606,1,'Pending','2014-07-21',NULL,NULL,'Contact Person','',2,'Weeks',1,2,'Weeks',1,0,0,'',0,''),(4836,606,2,'Pending','2014-07-21',NULL,NULL,'Self Assessment','',6,'Months',1,2,'Weeks',1,0,0,'',0,''),(4837,606,2,'Pending','2014-07-21',NULL,NULL,'Contact Person Report','',6,'Months',1,2,'Weeks',1,0,0,'',0,''),(4838,606,3,'Pending','2014-07-21',NULL,NULL,'Touch Base','',9,'Months',1,2,'Weeks',1,0,0,'',0,''),(4839,606,2,'Pending','2014-07-21',NULL,NULL,'Signed B-Form','',1,'Weeks',1,1,'Weeks',1,0,0,'',0,''),(4840,607,1,'Pending','2014-07-21',NULL,NULL,'Financial Agreement','',2,'Weeks',1,1,'Weeks',1,0,0,'',0,''),(4841,607,1,'Pending','2014-07-21',NULL,NULL,'Housing Agreement','',2,'Weeks',1,2,'Weeks',1,0,0,'',0,''),(4842,607,1,'Pending','2014-07-21',NULL,NULL,'Health Fund','',2,'Weeks',1,2,'Weeks',1,0,0,'',0,''),(4843,607,1,'Pending','2014-07-21',NULL,NULL,'Aspiration Programme','',2,'Weeks',1,2,'Weeks',1,0,0,'',0,''),(4844,607,1,'Pending','2014-07-21',NULL,NULL,'Contact Person','',2,'Weeks',1,2,'Weeks',1,0,0,'',0,''),(4845,607,2,'Pending','2014-07-21',NULL,NULL,'Self Assessment','',6,'Months',1,2,'Weeks',1,0,0,'',0,''),(4846,607,2,'Pending','2014-07-21',NULL,NULL,'Contact Person Report','',6,'Months',1,2,'Weeks',1,0,0,'',0,''),(4847,607,3,'Pending','2014-07-21',NULL,NULL,'Touch Base','',9,'Months',1,2,'Weeks',1,0,0,'',0,''),(4848,607,2,'Pending','2014-07-21',NULL,NULL,'Signed B-Form','',1,'Weeks',1,1,'Weeks',1,0,0,'',0,''),(4849,608,1,'Pending','2014-07-21',NULL,NULL,'Financial Agreement','',2,'Weeks',1,1,'Weeks',1,0,0,'',0,''),(4850,608,1,'Pending','2014-07-21',NULL,NULL,'Housing Agreement','',2,'Weeks',1,2,'Weeks',1,0,0,'',0,''),(4851,608,1,'Pending','2014-07-21',NULL,NULL,'Health Fund','',2,'Weeks',1,2,'Weeks',1,0,0,'',0,''),(4852,608,1,'Pending','2014-07-21',NULL,NULL,'Aspiration Programme','',2,'Weeks',1,2,'Weeks',1,0,0,'',0,''),(4853,608,1,'Pending','2014-07-21',NULL,NULL,'Contact Person','',2,'Weeks',1,2,'Weeks',1,0,0,'',0,''),(4854,608,2,'Pending','2014-07-21',NULL,NULL,'Self Assessment','',6,'Months',1,2,'Weeks',1,0,0,'',0,''),(4855,608,2,'Pending','2014-07-21',NULL,NULL,'Contact Person Report','',6,'Months',1,2,'Weeks',1,0,0,'',0,''),(4856,608,3,'Pending','2014-07-21',NULL,NULL,'Touch Base','',9,'Months',1,2,'Weeks',1,0,0,'',0,''),(4857,608,2,'Pending','2014-07-21',NULL,NULL,'Signed B-Form','',1,'Weeks',1,1,'Weeks',1,0,0,'',0,''),(4858,609,1,'Pending','2014-07-21',NULL,NULL,'Financial Agreement','',2,'Weeks',1,1,'Weeks',1,0,0,'',0,''),(4859,609,1,'Pending','2014-07-21',NULL,NULL,'Housing Agreement','',2,'Weeks',1,2,'Weeks',1,0,0,'',0,''),(4860,609,1,'Pending','2014-07-21',NULL,NULL,'Health Fund','',2,'Weeks',1,2,'Weeks',1,0,0,'',0,''),(4861,609,1,'Pending','2014-07-21',NULL,NULL,'Aspiration Programme','',2,'Weeks',1,2,'Weeks',1,0,0,'',0,''),(4862,609,1,'Pending','2014-07-21',NULL,NULL,'Contact Person','',2,'Weeks',1,2,'Weeks',1,0,0,'',0,''),(4863,609,2,'Pending','2014-07-21',NULL,NULL,'Self Assessment','',6,'Months',1,2,'Weeks',1,0,0,'',0,''),(4864,609,2,'Pending','2014-07-21',NULL,NULL,'Contact Person Report','',6,'Months',1,2,'Weeks',1,0,0,'',0,''),(4865,609,3,'Pending','2014-07-21',NULL,NULL,'Touch Base','',9,'Months',1,2,'Weeks',1,0,0,'',0,''),(4866,609,2,'Pending','2014-07-21',NULL,NULL,'Signed B-Form','',1,'Weeks',1,1,'Weeks',1,0,0,'',0,''),(4867,610,1,'Pending','2014-07-21',NULL,NULL,'Financial Agreement','',2,'Weeks',1,1,'Weeks',1,0,0,'',0,''),(4868,610,1,'Pending','2014-07-21',NULL,NULL,'Housing Agreement','',2,'Weeks',1,2,'Weeks',1,0,0,'',0,''),(4869,610,1,'Pending','2014-07-21',NULL,NULL,'Health Fund','',2,'Weeks',1,2,'Weeks',1,0,0,'',0,''),(4870,610,1,'Pending','2014-07-21',NULL,NULL,'Aspiration Programme','',2,'Weeks',1,2,'Weeks',1,0,0,'',0,''),(4871,610,1,'Pending','2014-07-21',NULL,NULL,'Contact Person','',2,'Weeks',1,2,'Weeks',1,0,0,'',0,''),(4872,610,2,'Pending','2014-07-21',NULL,NULL,'Self Assessment','',6,'Months',1,2,'Weeks',1,0,0,'',0,''),(4873,610,2,'Pending','2014-07-21',NULL,NULL,'Contact Person Report','',6,'Months',1,2,'Weeks',1,0,0,'',0,''),(4874,610,3,'Pending','2014-07-21',NULL,NULL,'Touch Base','',9,'Months',1,2,'Weeks',1,0,0,'',0,''),(4875,610,2,'Pending','2014-07-21',NULL,NULL,'Signed B-Form','',1,'Weeks',1,1,'Weeks',1,0,0,'',0,''),(4876,611,1,'Pending','2014-07-21',NULL,NULL,'Financial Agreement','',2,'Weeks',1,1,'Weeks',1,0,0,'',0,''),(4877,611,1,'Pending','2014-07-21',NULL,NULL,'Housing Agreement','',2,'Weeks',1,2,'Weeks',1,0,0,'',0,''),(4878,611,1,'Pending','2014-07-21',NULL,NULL,'Health Fund','',2,'Weeks',1,2,'Weeks',1,0,0,'',0,''),(4879,611,1,'Pending','2014-07-21',NULL,NULL,'Aspiration Programme','',2,'Weeks',1,2,'Weeks',1,0,0,'',0,''),(4880,611,1,'Pending','2014-07-21',NULL,NULL,'Contact Person','',2,'Weeks',1,2,'Weeks',1,0,0,'',0,''),(4881,611,2,'Pending','2014-07-21',NULL,NULL,'Self Assessment','',6,'Months',1,2,'Weeks',1,0,0,'',0,''),(4882,611,2,'Pending','2014-07-21',NULL,NULL,'Contact Person Report','',6,'Months',1,2,'Weeks',1,0,0,'',0,''),(4883,611,3,'Pending','2014-07-21',NULL,NULL,'Touch Base','',9,'Months',1,2,'Weeks',1,0,0,'',0,''),(4884,611,2,'Pending','2014-07-21',NULL,NULL,'Signed B-Form','',1,'Weeks',1,1,'Weeks',1,0,0,'',0,''),(4885,612,1,'Pending','2014-07-21',NULL,NULL,'Financial Agreement','',2,'Weeks',1,1,'Weeks',1,0,0,'',0,''),(4886,612,1,'Pending','2014-07-21',NULL,NULL,'Housing Agreement','',2,'Weeks',1,2,'Weeks',1,0,0,'',0,''),(4887,612,1,'Pending','2014-07-21',NULL,NULL,'Health Fund','',2,'Weeks',1,2,'Weeks',1,0,0,'',0,''),(4888,612,1,'Pending','2014-07-21',NULL,NULL,'Aspiration Programme','',2,'Weeks',1,2,'Weeks',1,0,0,'',0,''),(4889,612,1,'Pending','2014-07-21',NULL,NULL,'Contact Person','',2,'Weeks',1,2,'Weeks',1,0,0,'',0,''),(4890,612,2,'Pending','2014-07-21',NULL,NULL,'Self Assessment','',6,'Months',1,2,'Weeks',1,0,0,'',0,''),(4891,612,2,'Pending','2014-07-21',NULL,NULL,'Contact Person Report','',6,'Months',1,2,'Weeks',1,0,0,'',0,''),(4892,612,3,'Pending','2014-07-21',NULL,NULL,'Touch Base','',9,'Months',1,2,'Weeks',1,0,0,'',0,''),(4893,612,2,'Pending','2014-07-21',NULL,NULL,'Signed B-Form','',1,'Weeks',1,1,'Weeks',1,0,0,'',0,''),(4894,613,1,'Pending','2014-07-21',NULL,NULL,'Financial Agreement','',2,'Weeks',1,1,'Weeks',1,0,0,'',0,''),(4895,613,1,'Pending','2014-07-21',NULL,NULL,'Housing Agreement','',2,'Weeks',1,2,'Weeks',1,0,0,'',0,''),(4896,613,1,'Pending','2014-07-21',NULL,NULL,'Health Fund','',2,'Weeks',1,2,'Weeks',1,0,0,'',0,''),(4897,613,1,'Pending','2014-07-21',NULL,NULL,'Aspiration Programme','',2,'Weeks',1,2,'Weeks',1,0,0,'',0,''),(4898,613,1,'Pending','2014-07-21',NULL,NULL,'Contact Person','',2,'Weeks',1,2,'Weeks',1,0,0,'',0,''),(4899,613,2,'Pending','2014-07-21',NULL,NULL,'Self Assessment','',6,'Months',1,2,'Weeks',1,0,0,'',0,''),(4900,613,2,'Pending','2014-07-21',NULL,NULL,'Contact Person Report','',6,'Months',1,2,'Weeks',1,0,0,'',0,''),(4901,613,3,'Pending','2014-07-21',NULL,NULL,'Touch Base','',9,'Months',1,2,'Weeks',1,0,0,'',0,''),(4902,613,2,'Pending','2014-07-21',NULL,NULL,'Signed B-Form','',1,'Weeks',1,1,'Weeks',1,0,0,'',0,''),(4903,614,1,'Pending','2014-07-21',NULL,NULL,'Financial Agreement','',2,'Weeks',1,1,'Weeks',1,0,0,'',0,''),(4904,614,1,'Pending','2014-07-21',NULL,NULL,'Housing Agreement','',2,'Weeks',1,2,'Weeks',1,0,0,'',0,''),(4905,614,1,'Pending','2014-07-21',NULL,NULL,'Health Fund','',2,'Weeks',1,2,'Weeks',1,0,0,'',0,''),(4906,614,1,'Pending','2014-07-21',NULL,NULL,'Aspiration Programme','',2,'Weeks',1,2,'Weeks',1,0,0,'',0,''),(4907,614,1,'Pending','2014-07-21',NULL,NULL,'Contact Person','',2,'Weeks',1,2,'Weeks',1,0,0,'',0,''),(4908,614,2,'Pending','2014-07-21',NULL,NULL,'Self Assessment','',6,'Months',1,2,'Weeks',1,0,0,'',0,''),(4909,614,2,'Pending','2014-07-21',NULL,NULL,'Contact Person Report','',6,'Months',1,2,'Weeks',1,0,0,'',0,''),(4910,614,3,'Pending','2014-07-21',NULL,NULL,'Touch Base','',9,'Months',1,2,'Weeks',1,0,0,'',0,''),(4911,614,2,'Pending','2014-07-21',NULL,NULL,'Signed B-Form','',1,'Weeks',1,1,'Weeks',1,0,0,'',0,''),(4912,615,1,'Pending','2014-07-21',NULL,NULL,'Financial Agreement','',2,'Weeks',1,1,'Weeks',1,0,0,'',0,''),(4913,615,1,'Pending','2014-07-21',NULL,NULL,'Housing Agreement','',2,'Weeks',1,2,'Weeks',1,0,0,'',0,''),(4914,615,1,'Pending','2014-07-21',NULL,NULL,'Health Fund','',2,'Weeks',1,2,'Weeks',1,0,0,'',0,''),(4915,615,1,'Pending','2014-07-21',NULL,NULL,'Aspiration Programme','',2,'Weeks',1,2,'Weeks',1,0,0,'',0,''),(4916,615,1,'Pending','2014-07-21',NULL,NULL,'Contact Person','',2,'Weeks',1,2,'Weeks',1,0,0,'',0,''),(4917,615,2,'Pending','2014-07-21',NULL,NULL,'Self Assessment','',6,'Months',1,2,'Weeks',1,0,0,'',0,''),(4918,615,2,'Pending','2014-07-21',NULL,NULL,'Contact Person Report','',6,'Months',1,2,'Weeks',1,0,0,'',0,''),(4919,615,3,'Pending','2014-07-21',NULL,NULL,'Touch Base','',9,'Months',1,2,'Weeks',1,0,0,'',0,''),(4920,615,2,'Pending','2014-07-21',NULL,NULL,'Signed B-Form','',1,'Weeks',1,1,'Weeks',1,0,0,'',0,''),(4921,616,1,'Pending','2014-07-21',NULL,NULL,'Financial Agreement','',2,'Weeks',1,1,'Weeks',1,0,0,'',0,''),(4922,616,1,'Pending','2014-07-21',NULL,NULL,'Housing Agreement','',2,'Weeks',1,2,'Weeks',1,0,0,'',0,''),(4923,616,1,'Pending','2014-07-21',NULL,NULL,'Health Fund','',2,'Weeks',1,2,'Weeks',1,0,0,'',0,''),(4924,616,1,'Pending','2014-07-21',NULL,NULL,'Aspiration Programme','',2,'Weeks',1,2,'Weeks',1,0,0,'',0,''),(4925,616,1,'Pending','2014-07-21',NULL,NULL,'Contact Person','',2,'Weeks',1,2,'Weeks',1,0,0,'',0,''),(4926,616,2,'Pending','2014-07-21',NULL,NULL,'Self Assessment','',6,'Months',1,2,'Weeks',1,0,0,'',0,''),(4927,616,2,'Pending','2014-07-21',NULL,NULL,'Contact Person Report','',6,'Months',1,2,'Weeks',1,0,0,'',0,''),(4928,616,3,'Pending','2014-07-21',NULL,NULL,'Touch Base','',9,'Months',1,2,'Weeks',1,0,0,'',0,''),(4929,616,2,'Pending','2014-07-21',NULL,NULL,'Signed B-Form','',1,'Weeks',1,1,'Weeks',1,0,0,'',0,''),(4930,617,1,'Pending','2014-07-21',NULL,NULL,'Financial Agreement','',2,'Weeks',1,1,'Weeks',1,0,0,'',0,''),(4931,617,1,'Pending','2014-07-21',NULL,NULL,'Housing Agreement','',2,'Weeks',1,2,'Weeks',1,0,0,'',0,''),(4932,617,1,'Pending','2014-07-21',NULL,NULL,'Health Fund','',2,'Weeks',1,2,'Weeks',1,0,0,'',0,''),(4933,617,1,'Pending','2014-07-21',NULL,NULL,'Aspiration Programme','',2,'Weeks',1,2,'Weeks',1,0,0,'',0,''),(4934,617,1,'Pending','2014-07-21',NULL,NULL,'Contact Person','',2,'Weeks',1,2,'Weeks',1,0,0,'',0,''),(4935,617,2,'Pending','2014-07-21',NULL,NULL,'Self Assessment','',6,'Months',1,2,'Weeks',1,0,0,'',0,''),(4936,617,2,'Pending','2014-07-21',NULL,NULL,'Contact Person Report','',6,'Months',1,2,'Weeks',1,0,0,'',0,''),(4937,617,3,'Pending','2014-07-21',NULL,NULL,'Touch Base','',9,'Months',1,2,'Weeks',1,0,0,'',0,''),(4938,617,2,'Pending','2014-07-21',NULL,NULL,'Signed B-Form','',1,'Weeks',1,1,'Weeks',1,0,0,'',0,''),(4939,618,1,'Pending','2014-07-21',NULL,NULL,'Financial Agreement','',2,'Weeks',1,1,'Weeks',1,0,0,'',0,''),(4940,618,1,'Pending','2014-07-21',NULL,NULL,'Housing Agreement','',2,'Weeks',1,2,'Weeks',1,0,0,'',0,''),(4941,618,1,'Pending','2014-07-21',NULL,NULL,'Health Fund','',2,'Weeks',1,2,'Weeks',1,0,0,'',0,''),(4942,618,1,'Pending','2014-07-21',NULL,NULL,'Aspiration Programme','',2,'Weeks',1,2,'Weeks',1,0,0,'',0,''),(4943,618,1,'Pending','2014-07-21',NULL,NULL,'Contact Person','',2,'Weeks',1,2,'Weeks',1,0,0,'',0,''),(4944,618,2,'Pending','2014-07-21',NULL,NULL,'Self Assessment','',6,'Months',1,2,'Weeks',1,0,0,'',0,''),(4945,618,2,'Pending','2014-07-21',NULL,NULL,'Contact Person Report','',6,'Months',1,2,'Weeks',1,0,0,'',0,''),(4946,618,3,'Pending','2014-07-21',NULL,NULL,'Touch Base','',9,'Months',1,2,'Weeks',1,0,0,'',0,''),(4947,618,2,'Pending','2014-07-21',NULL,NULL,'Signed B-Form','',1,'Weeks',1,1,'Weeks',1,0,0,'',0,''),(4948,619,1,'Pending','2014-07-21',NULL,NULL,'Financial Agreement','',2,'Weeks',1,1,'Weeks',1,0,0,'',0,''),(4949,619,1,'Pending','2014-07-21',NULL,NULL,'Housing Agreement','',2,'Weeks',1,2,'Weeks',1,0,0,'',0,''),(4950,619,1,'Pending','2014-07-21',NULL,NULL,'Health Fund','',2,'Weeks',1,2,'Weeks',1,0,0,'',0,''),(4951,619,1,'Pending','2014-07-21',NULL,NULL,'Aspiration Programme','',2,'Weeks',1,2,'Weeks',1,0,0,'',0,''),(4952,619,1,'Pending','2014-07-21',NULL,NULL,'Contact Person','',2,'Weeks',1,2,'Weeks',1,0,0,'',0,''),(4953,619,2,'Pending','2014-07-21',NULL,NULL,'Self Assessment','',6,'Months',1,2,'Weeks',1,0,0,'',0,''),(4954,619,2,'Pending','2014-07-21',NULL,NULL,'Contact Person Report','',6,'Months',1,2,'Weeks',1,0,0,'',0,''),(4955,619,3,'Pending','2014-07-21',NULL,NULL,'Touch Base','',9,'Months',1,2,'Weeks',1,0,0,'',0,''),(4956,619,2,'Pending','2014-07-21',NULL,NULL,'Signed B-Form','',1,'Weeks',1,1,'Weeks',1,0,0,'',0,''),(4957,620,1,'Pending','2014-07-21',NULL,NULL,'Financial Agreement','',2,'Weeks',1,1,'Weeks',1,0,0,'',0,''),(4958,620,1,'Pending','2014-07-21',NULL,NULL,'Housing Agreement','',2,'Weeks',1,2,'Weeks',1,0,0,'',0,''),(4959,620,1,'Pending','2014-07-21',NULL,NULL,'Health Fund','',2,'Weeks',1,2,'Weeks',1,0,0,'',0,''),(4960,620,1,'Pending','2014-07-21',NULL,NULL,'Aspiration Programme','',2,'Weeks',1,2,'Weeks',1,0,0,'',0,''),(4961,620,1,'Pending','2014-07-21',NULL,NULL,'Contact Person','',2,'Weeks',1,2,'Weeks',1,0,0,'',0,''),(4962,620,2,'Pending','2014-07-21',NULL,NULL,'Self Assessment','',6,'Months',1,2,'Weeks',1,0,0,'',0,''),(4963,620,2,'Pending','2014-07-21',NULL,NULL,'Contact Person Report','',6,'Months',1,2,'Weeks',1,0,0,'',0,''),(4964,620,3,'Pending','2014-07-21',NULL,NULL,'Touch Base','',9,'Months',1,2,'Weeks',1,0,0,'',0,''),(4965,620,2,'Pending','2014-07-21',NULL,NULL,'Signed B-Form','',1,'Weeks',1,1,'Weeks',1,0,0,'',0,''),(4966,621,1,'Pending','2014-07-21',NULL,NULL,'Financial Agreement','',2,'Weeks',1,1,'Weeks',1,0,0,'',0,''),(4967,621,1,'Pending','2014-07-21',NULL,NULL,'Housing Agreement','',2,'Weeks',1,2,'Weeks',1,0,0,'',0,''),(4968,621,1,'Pending','2014-07-21',NULL,NULL,'Health Fund','',2,'Weeks',1,2,'Weeks',1,0,0,'',0,''),(4969,621,1,'Pending','2014-07-21',NULL,NULL,'Aspiration Programme','',2,'Weeks',1,2,'Weeks',1,0,0,'',0,''),(4970,621,1,'Pending','2014-07-21',NULL,NULL,'Contact Person','',2,'Weeks',1,2,'Weeks',1,0,0,'',0,''),(4971,621,2,'Pending','2014-07-21',NULL,NULL,'Self Assessment','',6,'Months',1,2,'Weeks',1,0,0,'',0,''),(4972,621,2,'Pending','2014-07-21',NULL,NULL,'Contact Person Report','',6,'Months',1,2,'Weeks',1,0,0,'',0,''),(4973,621,3,'Pending','2014-07-21',NULL,NULL,'Touch Base','',9,'Months',1,2,'Weeks',1,0,0,'',0,''),(4974,621,2,'Pending','2014-07-21',NULL,NULL,'Signed B-Form','',1,'Weeks',1,1,'Weeks',1,0,0,'',0,''),(4975,622,1,'Pending','2014-07-21',NULL,NULL,'Financial Agreement','',2,'Weeks',1,1,'Weeks',1,0,0,'',0,''),(4976,622,1,'Pending','2014-07-21',NULL,NULL,'Housing Agreement','',2,'Weeks',1,2,'Weeks',1,0,0,'',0,''),(4977,622,1,'Pending','2014-07-21',NULL,NULL,'Health Fund','',2,'Weeks',1,2,'Weeks',1,0,0,'',0,''),(4978,622,1,'Pending','2014-07-21',NULL,NULL,'Aspiration Programme','',2,'Weeks',1,2,'Weeks',1,0,0,'',0,''),(4979,622,1,'Pending','2014-07-21',NULL,NULL,'Contact Person','',2,'Weeks',1,2,'Weeks',1,0,0,'',0,''),(4980,622,2,'Pending','2014-07-21',NULL,NULL,'Self Assessment','',6,'Months',1,2,'Weeks',1,0,0,'',0,''),(4981,622,2,'Pending','2014-07-21',NULL,NULL,'Contact Person Report','',6,'Months',1,2,'Weeks',1,0,0,'',0,''),(4982,622,3,'Pending','2014-07-21',NULL,NULL,'Touch Base','',9,'Months',1,2,'Weeks',1,0,0,'',0,''),(4983,622,2,'Pending','2014-07-21',NULL,NULL,'Signed B-Form','',1,'Weeks',1,1,'Weeks',1,0,0,'',0,''),(4984,623,1,'Pending','2014-07-21',NULL,NULL,'Financial Agreement','',2,'Weeks',1,1,'Weeks',1,0,0,'',0,''),(4985,623,1,'Pending','2014-07-21',NULL,NULL,'Housing Agreement','',2,'Weeks',1,2,'Weeks',1,0,0,'',0,''),(4986,623,1,'Pending','2014-07-21',NULL,NULL,'Health Fund','',2,'Weeks',1,2,'Weeks',1,0,0,'',0,''),(4987,623,1,'Pending','2014-07-21',NULL,NULL,'Aspiration Programme','',2,'Weeks',1,2,'Weeks',1,0,0,'',0,''),(4988,623,1,'Pending','2014-07-21',NULL,NULL,'Contact Person','',2,'Weeks',1,2,'Weeks',1,0,0,'',0,''),(4989,623,2,'Pending','2014-07-21',NULL,NULL,'Self Assessment','',6,'Months',1,2,'Weeks',1,0,0,'',0,''),(4990,623,2,'Pending','2014-07-21',NULL,NULL,'Contact Person Report','',6,'Months',1,2,'Weeks',1,0,0,'',0,''),(4991,623,3,'Pending','2014-07-21',NULL,NULL,'Touch Base','',9,'Months',1,2,'Weeks',1,0,0,'',0,''),(4992,623,2,'Pending','2014-07-21',NULL,NULL,'Signed B-Form','',1,'Weeks',1,1,'Weeks',1,0,0,'',0,''),(4993,624,1,'Pending','2014-07-21',NULL,NULL,'Financial Agreement','',2,'Weeks',1,1,'Weeks',1,0,0,'',0,''),(4994,624,1,'Pending','2014-07-21',NULL,NULL,'Housing Agreement','',2,'Weeks',1,2,'Weeks',1,0,0,'',0,''),(4995,624,1,'Pending','2014-07-21',NULL,NULL,'Health Fund','',2,'Weeks',1,2,'Weeks',1,0,0,'',0,''),(4996,624,1,'Pending','2014-07-21',NULL,NULL,'Aspiration Programme','',2,'Weeks',1,2,'Weeks',1,0,0,'',0,''),(4997,624,1,'Pending','2014-07-21',NULL,NULL,'Contact Person','',2,'Weeks',1,2,'Weeks',1,0,0,'',0,''),(4998,624,2,'Pending','2014-07-21',NULL,NULL,'Self Assessment','',6,'Months',1,2,'Weeks',1,0,0,'',0,''),(4999,624,2,'Pending','2014-07-21',NULL,NULL,'Contact Person Report','',6,'Months',1,2,'Weeks',1,0,0,'',0,''),(5000,624,3,'Pending','2014-07-21',NULL,NULL,'Touch Base','',9,'Months',1,2,'Weeks',1,0,0,'',0,''),(5001,624,2,'Pending','2014-07-21',NULL,NULL,'Signed B-Form','',1,'Weeks',1,1,'Weeks',1,0,0,'',0,''),(5002,625,1,'Pending','2014-07-21',NULL,NULL,'Financial Agreement','',2,'Weeks',1,1,'Weeks',1,0,0,'',0,''),(5003,625,1,'Pending','2014-07-21',NULL,NULL,'Housing Agreement','',2,'Weeks',1,2,'Weeks',1,0,0,'',0,''),(5004,625,1,'Pending','2014-07-21',NULL,NULL,'Health Fund','',2,'Weeks',1,2,'Weeks',1,0,0,'',0,''),(5005,625,1,'Pending','2014-07-21',NULL,NULL,'Aspiration Programme','',2,'Weeks',1,2,'Weeks',1,0,0,'',0,''),(5006,625,1,'Pending','2014-07-21',NULL,NULL,'Contact Person','',2,'Weeks',1,2,'Weeks',1,0,0,'',0,''),(5007,625,2,'Pending','2014-07-21',NULL,NULL,'Self Assessment','',6,'Months',1,2,'Weeks',1,0,0,'',0,''),(5008,625,2,'Pending','2014-07-21',NULL,NULL,'Contact Person Report','',6,'Months',1,2,'Weeks',1,0,0,'',0,''),(5009,625,3,'Pending','2014-07-21',NULL,NULL,'Touch Base','',9,'Months',1,2,'Weeks',1,0,0,'',0,''),(5010,625,2,'Pending','2014-07-21',NULL,NULL,'Signed B-Form','',1,'Weeks',1,1,'Weeks',1,0,0,'',0,''),(5011,626,1,'Pending','2014-07-21',NULL,NULL,'Financial Agreement','',2,'Weeks',1,1,'Weeks',1,0,0,'',0,''),(5012,626,1,'Pending','2014-07-21',NULL,NULL,'Housing Agreement','',2,'Weeks',1,2,'Weeks',1,0,0,'',0,''),(5013,626,1,'Pending','2014-07-21',NULL,NULL,'Health Fund','',2,'Weeks',1,2,'Weeks',1,0,0,'',0,''),(5014,626,1,'Pending','2014-07-21',NULL,NULL,'Aspiration Programme','',2,'Weeks',1,2,'Weeks',1,0,0,'',0,''),(5015,626,1,'Pending','2014-07-21',NULL,NULL,'Contact Person','',2,'Weeks',1,2,'Weeks',1,0,0,'',0,''),(5016,626,2,'Pending','2014-07-21',NULL,NULL,'Self Assessment','',6,'Months',1,2,'Weeks',1,0,0,'',0,''),(5017,626,2,'Pending','2014-07-21',NULL,NULL,'Contact Person Report','',6,'Months',1,2,'Weeks',1,0,0,'',0,''),(5018,626,3,'Pending','2014-07-21',NULL,NULL,'Touch Base','',9,'Months',1,2,'Weeks',1,0,0,'',0,''),(5019,626,2,'Pending','2014-07-21',NULL,NULL,'Signed B-Form','',1,'Weeks',1,1,'Weeks',1,0,0,'',0,''),(5020,627,1,'Pending','2014-07-21',NULL,NULL,'Financial Agreement','',2,'Weeks',1,1,'Weeks',1,0,0,'',0,''),(5021,627,1,'Pending','2014-07-21',NULL,NULL,'Housing Agreement','',2,'Weeks',1,2,'Weeks',1,0,0,'',0,''),(5022,627,1,'Pending','2014-07-21',NULL,NULL,'Health Fund','',2,'Weeks',1,2,'Weeks',1,0,0,'',0,''),(5023,627,1,'Pending','2014-07-21',NULL,NULL,'Aspiration Programme','',2,'Weeks',1,2,'Weeks',1,0,0,'',0,''),(5024,627,1,'Pending','2014-07-21',NULL,NULL,'Contact Person','',2,'Weeks',1,2,'Weeks',1,0,0,'',0,''),(5025,627,2,'Pending','2014-07-21',NULL,NULL,'Self Assessment','',6,'Months',1,2,'Weeks',1,0,0,'',0,''),(5026,627,2,'Pending','2014-07-21',NULL,NULL,'Contact Person Report','',6,'Months',1,2,'Weeks',1,0,0,'',0,''),(5027,627,3,'Pending','2014-07-21',NULL,NULL,'Touch Base','',9,'Months',1,2,'Weeks',1,0,0,'',0,''),(5028,627,2,'Pending','2014-07-21',NULL,NULL,'Signed B-Form','',1,'Weeks',1,1,'Weeks',1,0,0,'',0,''),(5029,628,1,'Pending','2014-07-21',NULL,NULL,'Financial Agreement','',2,'Weeks',1,1,'Weeks',1,0,0,'',0,''),(5030,628,1,'Pending','2014-07-21',NULL,NULL,'Housing Agreement','',2,'Weeks',1,2,'Weeks',1,0,0,'',0,''),(5031,628,1,'Pending','2014-07-21',NULL,NULL,'Health Fund','',2,'Weeks',1,2,'Weeks',1,0,0,'',0,''),(5032,628,1,'Pending','2014-07-21',NULL,NULL,'Aspiration Programme','',2,'Weeks',1,2,'Weeks',1,0,0,'',0,''),(5033,628,1,'Pending','2014-07-21',NULL,NULL,'Contact Person','',2,'Weeks',1,2,'Weeks',1,0,0,'',0,''),(5034,628,2,'Pending','2014-07-21',NULL,NULL,'Self Assessment','',6,'Months',1,2,'Weeks',1,0,0,'',0,''),(5035,628,2,'Pending','2014-07-21',NULL,NULL,'Contact Person Report','',6,'Months',1,2,'Weeks',1,0,0,'',0,''),(5036,628,3,'Pending','2014-07-21',NULL,NULL,'Touch Base','',9,'Months',1,2,'Weeks',1,0,0,'',0,''),(5037,628,2,'Pending','2014-07-21',NULL,NULL,'Signed B-Form','',1,'Weeks',1,1,'Weeks',1,0,0,'',0,''),(5038,629,1,'Pending','2014-07-21',NULL,NULL,'Financial Agreement','',2,'Weeks',1,1,'Weeks',1,0,0,'',0,''),(5039,629,1,'Pending','2014-07-21',NULL,NULL,'Housing Agreement','',2,'Weeks',1,2,'Weeks',1,0,0,'',0,''),(5040,629,1,'Pending','2014-07-21',NULL,NULL,'Health Fund','',2,'Weeks',1,2,'Weeks',1,0,0,'',0,''),(5041,629,1,'Pending','2014-07-21',NULL,NULL,'Aspiration Programme','',2,'Weeks',1,2,'Weeks',1,0,0,'',0,''),(5042,629,1,'Pending','2014-07-21',NULL,NULL,'Contact Person','',2,'Weeks',1,2,'Weeks',1,0,0,'',0,''),(5043,629,2,'Pending','2014-07-21',NULL,NULL,'Self Assessment','',6,'Months',1,2,'Weeks',1,0,0,'',0,''),(5044,629,2,'Pending','2014-07-21',NULL,NULL,'Contact Person Report','',6,'Months',1,2,'Weeks',1,0,0,'',0,''),(5045,629,3,'Pending','2014-07-21',NULL,NULL,'Touch Base','',9,'Months',1,2,'Weeks',1,0,0,'',0,''),(5046,629,2,'Pending','2014-07-21',NULL,NULL,'Signed B-Form','',1,'Weeks',1,1,'Weeks',1,0,0,'',0,''),(5047,630,1,'Pending','2014-07-21',NULL,NULL,'Financial Agreement','',2,'Weeks',1,1,'Weeks',1,0,0,'',0,''),(5048,630,1,'Pending','2014-07-21',NULL,NULL,'Housing Agreement','',2,'Weeks',1,2,'Weeks',1,0,0,'',0,''),(5049,630,1,'Pending','2014-07-21',NULL,NULL,'Health Fund','',2,'Weeks',1,2,'Weeks',1,0,0,'',0,''),(5050,630,1,'Pending','2014-07-21',NULL,NULL,'Aspiration Programme','',2,'Weeks',1,2,'Weeks',1,0,0,'',0,''),(5051,630,1,'Pending','2014-07-21',NULL,NULL,'Contact Person','',2,'Weeks',1,2,'Weeks',1,0,0,'',0,''),(5052,630,2,'Pending','2014-07-21',NULL,NULL,'Self Assessment','',6,'Months',1,2,'Weeks',1,0,0,'',0,''),(5053,630,2,'Pending','2014-07-21',NULL,NULL,'Contact Person Report','',6,'Months',1,2,'Weeks',1,0,0,'',0,''),(5054,630,3,'Pending','2014-07-21',NULL,NULL,'Touch Base','',9,'Months',1,2,'Weeks',1,0,0,'',0,''),(5055,630,2,'Pending','2014-07-21',NULL,NULL,'Signed B-Form','',1,'Weeks',1,1,'Weeks',1,0,0,'',0,''),(5056,631,1,'Pending','2014-07-21',NULL,NULL,'Financial Agreement','',2,'Weeks',1,1,'Weeks',1,0,0,'',0,''),(5057,631,1,'Pending','2014-07-21',NULL,NULL,'Housing Agreement','',2,'Weeks',1,2,'Weeks',1,0,0,'',0,''),(5058,631,1,'Pending','2014-07-21',NULL,NULL,'Health Fund','',2,'Weeks',1,2,'Weeks',1,0,0,'',0,''),(5059,631,1,'Pending','2014-07-21',NULL,NULL,'Aspiration Programme','',2,'Weeks',1,2,'Weeks',1,0,0,'',0,''),(5060,631,1,'Pending','2014-07-21',NULL,NULL,'Contact Person','',2,'Weeks',1,2,'Weeks',1,0,0,'',0,''),(5061,631,2,'Pending','2014-07-21',NULL,NULL,'Self Assessment','',6,'Months',1,2,'Weeks',1,0,0,'',0,''),(5062,631,2,'Pending','2014-07-21',NULL,NULL,'Contact Person Report','',6,'Months',1,2,'Weeks',1,0,0,'',0,''),(5063,631,3,'Pending','2014-07-21',NULL,NULL,'Touch Base','',9,'Months',1,2,'Weeks',1,0,0,'',0,''),(5064,631,2,'Pending','2014-07-21',NULL,NULL,'Signed B-Form','',1,'Weeks',1,1,'Weeks',1,0,0,'',0,''),(5065,632,1,'Pending','2014-07-21',NULL,NULL,'Financial Agreement','',2,'Weeks',1,1,'Weeks',1,0,0,'',0,''),(5066,632,1,'Pending','2014-07-21',NULL,NULL,'Housing Agreement','',2,'Weeks',1,2,'Weeks',1,0,0,'',0,''),(5067,632,1,'Pending','2014-07-21',NULL,NULL,'Health Fund','',2,'Weeks',1,2,'Weeks',1,0,0,'',0,''),(5068,632,1,'Pending','2014-07-21',NULL,NULL,'Aspiration Programme','',2,'Weeks',1,2,'Weeks',1,0,0,'',0,''),(5069,632,1,'Pending','2014-07-21',NULL,NULL,'Contact Person','',2,'Weeks',1,2,'Weeks',1,0,0,'',0,''),(5070,632,2,'Pending','2014-07-21',NULL,NULL,'Self Assessment','',6,'Months',1,2,'Weeks',1,0,0,'',0,''),(5071,632,2,'Pending','2014-07-21',NULL,NULL,'Contact Person Report','',6,'Months',1,2,'Weeks',1,0,0,'',0,''),(5072,632,3,'Pending','2014-07-21',NULL,NULL,'Touch Base','',9,'Months',1,2,'Weeks',1,0,0,'',0,''),(5073,632,2,'Pending','2014-07-21',NULL,NULL,'Signed B-Form','',1,'Weeks',1,1,'Weeks',1,0,0,'',0,''),(5074,633,1,'Pending','2014-07-21',NULL,NULL,'Financial Agreement','',2,'Weeks',1,1,'Weeks',1,0,0,'',0,''),(5075,633,1,'Pending','2014-07-21',NULL,NULL,'Housing Agreement','',2,'Weeks',1,2,'Weeks',1,0,0,'',0,''),(5076,633,1,'Pending','2014-07-21',NULL,NULL,'Health Fund','',2,'Weeks',1,2,'Weeks',1,0,0,'',0,''),(5077,633,1,'Pending','2014-07-21',NULL,NULL,'Aspiration Programme','',2,'Weeks',1,2,'Weeks',1,0,0,'',0,''),(5078,633,1,'Pending','2014-07-21',NULL,NULL,'Contact Person','',2,'Weeks',1,2,'Weeks',1,0,0,'',0,''),(5079,633,2,'Pending','2014-07-21',NULL,NULL,'Self Assessment','',6,'Months',1,2,'Weeks',1,0,0,'',0,''),(5080,633,2,'Pending','2014-07-21',NULL,NULL,'Contact Person Report','',6,'Months',1,2,'Weeks',1,0,0,'',0,''),(5081,633,3,'Pending','2014-07-21',NULL,NULL,'Touch Base','',9,'Months',1,2,'Weeks',1,0,0,'',0,''),(5082,633,2,'Pending','2014-07-21',NULL,NULL,'Signed B-Form','',1,'Weeks',1,1,'Weeks',1,0,0,'',0,''),(5083,634,1,'Pending','2014-07-21',NULL,NULL,'Financial Agreement','',2,'Weeks',1,1,'Weeks',1,0,0,'',0,''),(5084,634,1,'Pending','2014-07-21',NULL,NULL,'Housing Agreement','',2,'Weeks',1,2,'Weeks',1,0,0,'',0,''),(5085,634,1,'Pending','2014-07-21',NULL,NULL,'Health Fund','',2,'Weeks',1,2,'Weeks',1,0,0,'',0,''),(5086,634,1,'Pending','2014-07-21',NULL,NULL,'Aspiration Programme','',2,'Weeks',1,2,'Weeks',1,0,0,'',0,''),(5087,634,1,'Pending','2014-07-21',NULL,NULL,'Contact Person','',2,'Weeks',1,2,'Weeks',1,0,0,'',0,''),(5088,634,2,'Pending','2014-07-21',NULL,NULL,'Self Assessment','',6,'Months',1,2,'Weeks',1,0,0,'',0,''),(5089,634,2,'Pending','2014-07-21',NULL,NULL,'Contact Person Report','',6,'Months',1,2,'Weeks',1,0,0,'',0,''),(5090,634,3,'Pending','2014-07-21',NULL,NULL,'Touch Base','',9,'Months',1,2,'Weeks',1,0,0,'',0,''),(5091,634,2,'Pending','2014-07-21',NULL,NULL,'Signed B-Form','',1,'Weeks',1,1,'Weeks',1,0,0,'',0,''),(5092,635,1,'Pending','2014-07-21',NULL,NULL,'Financial Agreement','',2,'Weeks',1,1,'Weeks',1,0,0,'',0,''),(5093,635,1,'Pending','2014-07-21',NULL,NULL,'Housing Agreement','',2,'Weeks',1,2,'Weeks',1,0,0,'',0,''),(5094,635,1,'Pending','2014-07-21',NULL,NULL,'Health Fund','',2,'Weeks',1,2,'Weeks',1,0,0,'',0,''),(5095,635,1,'Pending','2014-07-21',NULL,NULL,'Aspiration Programme','',2,'Weeks',1,2,'Weeks',1,0,0,'',0,''),(5096,635,1,'Pending','2014-07-21',NULL,NULL,'Contact Person','',2,'Weeks',1,2,'Weeks',1,0,0,'',0,''),(5097,635,2,'Pending','2014-07-21',NULL,NULL,'Self Assessment','',6,'Months',1,2,'Weeks',1,0,0,'',0,''),(5098,635,2,'Pending','2014-07-21',NULL,NULL,'Contact Person Report','',6,'Months',1,2,'Weeks',1,0,0,'',0,''),(5099,635,3,'Pending','2014-07-21',NULL,NULL,'Touch Base','',9,'Months',1,2,'Weeks',1,0,0,'',0,''),(5100,635,2,'Pending','2014-07-21',NULL,NULL,'Signed B-Form','',1,'Weeks',1,1,'Weeks',1,0,0,'',0,''),(5101,636,1,'Pending','2014-07-21',NULL,NULL,'Financial Agreement','',2,'Weeks',1,1,'Weeks',1,0,0,'',0,''),(5102,636,1,'Pending','2014-07-21',NULL,NULL,'Housing Agreement','',2,'Weeks',1,2,'Weeks',1,0,0,'',0,''),(5103,636,1,'Pending','2014-07-21',NULL,NULL,'Health Fund','',2,'Weeks',1,2,'Weeks',1,0,0,'',0,''),(5104,636,1,'Pending','2014-07-21',NULL,NULL,'Aspiration Programme','',2,'Weeks',1,2,'Weeks',1,0,0,'',0,''),(5105,636,1,'Pending','2014-07-21',NULL,NULL,'Contact Person','',2,'Weeks',1,2,'Weeks',1,0,0,'',0,''),(5106,636,2,'Pending','2014-07-21',NULL,NULL,'Self Assessment','',6,'Months',1,2,'Weeks',1,0,0,'',0,''),(5107,636,2,'Pending','2014-07-21',NULL,NULL,'Contact Person Report','',6,'Months',1,2,'Weeks',1,0,0,'',0,''),(5108,636,3,'Pending','2014-07-21',NULL,NULL,'Touch Base','',9,'Months',1,2,'Weeks',1,0,0,'',0,''),(5109,636,2,'Pending','2014-07-21',NULL,NULL,'Signed B-Form','',1,'Weeks',1,1,'Weeks',1,0,0,'',0,''),(5110,637,1,'Pending','2014-07-21',NULL,NULL,'Financial Agreement','',2,'Weeks',1,1,'Weeks',1,0,0,'',0,''),(5111,637,1,'Pending','2014-07-21',NULL,NULL,'Housing Agreement','',2,'Weeks',1,2,'Weeks',1,0,0,'',0,''),(5112,637,1,'Pending','2014-07-21',NULL,NULL,'Health Fund','',2,'Weeks',1,2,'Weeks',1,0,0,'',0,''),(5113,637,1,'Pending','2014-07-21',NULL,NULL,'Aspiration Programme','',2,'Weeks',1,2,'Weeks',1,0,0,'',0,''),(5114,637,1,'Pending','2014-07-21',NULL,NULL,'Contact Person','',2,'Weeks',1,2,'Weeks',1,0,0,'',0,''),(5115,637,2,'Pending','2014-07-21',NULL,NULL,'Self Assessment','',6,'Months',1,2,'Weeks',1,0,0,'',0,''),(5116,637,2,'Pending','2014-07-21',NULL,NULL,'Contact Person Report','',6,'Months',1,2,'Weeks',1,0,0,'',0,''),(5117,637,3,'Pending','2014-07-21',NULL,NULL,'Touch Base','',9,'Months',1,2,'Weeks',1,0,0,'',0,''),(5118,637,2,'Pending','2014-07-21',NULL,NULL,'Signed B-Form','',1,'Weeks',1,1,'Weeks',1,0,0,'',0,''),(5119,638,1,'Pending','2014-07-21',NULL,NULL,'Financial Agreement','',2,'Weeks',1,1,'Weeks',1,0,0,'',0,''),(5120,638,1,'Pending','2014-07-21',NULL,NULL,'Housing Agreement','',2,'Weeks',1,2,'Weeks',1,0,0,'',0,''),(5121,638,1,'Pending','2014-07-21',NULL,NULL,'Health Fund','',2,'Weeks',1,2,'Weeks',1,0,0,'',0,''),(5122,638,1,'Pending','2014-07-21',NULL,NULL,'Aspiration Programme','',2,'Weeks',1,2,'Weeks',1,0,0,'',0,''),(5123,638,1,'Pending','2014-07-21',NULL,NULL,'Contact Person','',2,'Weeks',1,2,'Weeks',1,0,0,'',0,''),(5124,638,2,'Pending','2014-07-21',NULL,NULL,'Self Assessment','',6,'Months',1,2,'Weeks',1,0,0,'',0,''),(5125,638,2,'Pending','2014-07-21',NULL,NULL,'Contact Person Report','',6,'Months',1,2,'Weeks',1,0,0,'',0,''),(5126,638,3,'Pending','2014-07-21',NULL,NULL,'Touch Base','',9,'Months',1,2,'Weeks',1,0,0,'',0,''),(5127,638,2,'Pending','2014-07-21',NULL,NULL,'Signed B-Form','',1,'Weeks',1,1,'Weeks',1,0,0,'',0,''),(5128,639,1,'Pending','2014-07-21',NULL,NULL,'Financial Agreement','',2,'Weeks',1,1,'Weeks',1,0,0,'',0,''),(5129,639,1,'Pending','2014-07-21',NULL,NULL,'Housing Agreement','',2,'Weeks',1,2,'Weeks',1,0,0,'',0,''),(5130,639,1,'Pending','2014-07-21',NULL,NULL,'Health Fund','',2,'Weeks',1,2,'Weeks',1,0,0,'',0,''),(5131,639,1,'Pending','2014-07-21',NULL,NULL,'Aspiration Programme','',2,'Weeks',1,2,'Weeks',1,0,0,'',0,''),(5132,639,1,'Pending','2014-07-21',NULL,NULL,'Contact Person','',2,'Weeks',1,2,'Weeks',1,0,0,'',0,''),(5133,639,2,'Pending','2014-07-21',NULL,NULL,'Self Assessment','',6,'Months',1,2,'Weeks',1,0,0,'',0,''),(5134,639,2,'Pending','2014-07-21',NULL,NULL,'Contact Person Report','',6,'Months',1,2,'Weeks',1,0,0,'',0,''),(5135,639,3,'Pending','2014-07-21',NULL,NULL,'Touch Base','',9,'Months',1,2,'Weeks',1,0,0,'',0,''),(5136,639,2,'Pending','2014-07-21',NULL,NULL,'Signed B-Form','',1,'Weeks',1,1,'Weeks',1,0,0,'',0,''),(5137,640,1,'Pending','2014-07-21',NULL,NULL,'Financial Agreement','',2,'Weeks',1,1,'Weeks',1,0,0,'',0,''),(5138,640,1,'Pending','2014-07-21',NULL,NULL,'Housing Agreement','',2,'Weeks',1,2,'Weeks',1,0,0,'',0,''),(5139,640,1,'Pending','2014-07-21',NULL,NULL,'Health Fund','',2,'Weeks',1,2,'Weeks',1,0,0,'',0,''),(5140,640,1,'Pending','2014-07-21',NULL,NULL,'Aspiration Programme','',2,'Weeks',1,2,'Weeks',1,0,0,'',0,''),(5141,640,1,'Pending','2014-07-21',NULL,NULL,'Contact Person','',2,'Weeks',1,2,'Weeks',1,0,0,'',0,''),(5142,640,2,'Pending','2014-07-21',NULL,NULL,'Self Assessment','',6,'Months',1,2,'Weeks',1,0,0,'',0,''),(5143,640,2,'Pending','2014-07-21',NULL,NULL,'Contact Person Report','',6,'Months',1,2,'Weeks',1,0,0,'',0,''),(5144,640,3,'Pending','2014-07-21',NULL,NULL,'Touch Base','',9,'Months',1,2,'Weeks',1,0,0,'',0,''),(5145,640,2,'Pending','2014-07-21',NULL,NULL,'Signed B-Form','',1,'Weeks',1,1,'Weeks',1,0,0,'',0,''),(5146,641,1,'Pending','2014-07-21',NULL,NULL,'Financial Agreement','',2,'Weeks',1,1,'Weeks',1,0,0,'',0,''),(5147,641,1,'Pending','2014-07-21',NULL,NULL,'Housing Agreement','',2,'Weeks',1,2,'Weeks',1,0,0,'',0,''),(5148,641,1,'Pending','2014-07-21',NULL,NULL,'Health Fund','',2,'Weeks',1,2,'Weeks',1,0,0,'',0,''),(5149,641,1,'Pending','2014-07-21',NULL,NULL,'Aspiration Programme','',2,'Weeks',1,2,'Weeks',1,0,0,'',0,''),(5150,641,1,'Pending','2014-07-21',NULL,NULL,'Contact Person','',2,'Weeks',1,2,'Weeks',1,0,0,'',0,''),(5151,641,2,'Pending','2014-07-21',NULL,NULL,'Self Assessment','',6,'Months',1,2,'Weeks',1,0,0,'',0,''),(5152,641,2,'Pending','2014-07-21',NULL,NULL,'Contact Person Report','',6,'Months',1,2,'Weeks',1,0,0,'',0,''),(5153,641,3,'Pending','2014-07-21',NULL,NULL,'Touch Base','',9,'Months',1,2,'Weeks',1,0,0,'',0,''),(5154,641,2,'Pending','2014-07-21',NULL,NULL,'Signed B-Form','',1,'Weeks',1,1,'Weeks',1,0,0,'',0,''),(5155,642,1,'Pending','2014-07-21',NULL,NULL,'Financial Agreement','',2,'Weeks',1,1,'Weeks',1,0,0,'',0,''),(5156,642,1,'Pending','2014-07-21',NULL,NULL,'Housing Agreement','',2,'Weeks',1,2,'Weeks',1,0,0,'',0,''),(5157,642,1,'Pending','2014-07-21',NULL,NULL,'Health Fund','',2,'Weeks',1,2,'Weeks',1,0,0,'',0,''),(5158,642,1,'Pending','2014-07-21',NULL,NULL,'Aspiration Programme','',2,'Weeks',1,2,'Weeks',1,0,0,'',0,''),(5159,642,1,'Pending','2014-07-21',NULL,NULL,'Contact Person','',2,'Weeks',1,2,'Weeks',1,0,0,'',0,''),(5160,642,2,'Pending','2014-07-21',NULL,NULL,'Self Assessment','',6,'Months',1,2,'Weeks',1,0,0,'',0,''),(5161,642,2,'Pending','2014-07-21',NULL,NULL,'Contact Person Report','',6,'Months',1,2,'Weeks',1,0,0,'',0,''),(5162,642,3,'Pending','2014-07-21',NULL,NULL,'Touch Base','',9,'Months',1,2,'Weeks',1,0,0,'',0,''),(5163,642,2,'Pending','2014-07-21',NULL,NULL,'Signed B-Form','',1,'Weeks',1,1,'Weeks',1,0,0,'',0,''),(5164,643,1,'Pending','2014-07-21',NULL,NULL,'Financial Agreement','',2,'Weeks',1,1,'Weeks',1,0,0,'',0,''),(5165,643,1,'Pending','2014-07-21',NULL,NULL,'Housing Agreement','',2,'Weeks',1,2,'Weeks',1,0,0,'',0,''),(5166,643,1,'Pending','2014-07-21',NULL,NULL,'Health Fund','',2,'Weeks',1,2,'Weeks',1,0,0,'',0,''),(5167,643,1,'Pending','2014-07-21',NULL,NULL,'Aspiration Programme','',2,'Weeks',1,2,'Weeks',1,0,0,'',0,''),(5168,643,1,'Pending','2014-07-21',NULL,NULL,'Contact Person','',2,'Weeks',1,2,'Weeks',1,0,0,'',0,''),(5169,643,2,'Pending','2014-07-21',NULL,NULL,'Self Assessment','',6,'Months',1,2,'Weeks',1,0,0,'',0,''),(5170,643,2,'Pending','2014-07-21',NULL,NULL,'Contact Person Report','',6,'Months',1,2,'Weeks',1,0,0,'',0,''),(5171,643,3,'Pending','2014-07-21',NULL,NULL,'Touch Base','',9,'Months',1,2,'Weeks',1,0,0,'',0,''),(5172,643,2,'Pending','2014-07-21',NULL,NULL,'Signed B-Form','',1,'Weeks',1,1,'Weeks',1,0,0,'',0,''),(5173,644,1,'Pending','2014-07-21',NULL,NULL,'Financial Agreement','',2,'Weeks',1,1,'Weeks',1,0,0,'',0,''),(5174,644,1,'Pending','2014-07-21',NULL,NULL,'Housing Agreement','',2,'Weeks',1,2,'Weeks',1,0,0,'',0,''),(5175,644,1,'Pending','2014-07-21',NULL,NULL,'Health Fund','',2,'Weeks',1,2,'Weeks',1,0,0,'',0,''),(5176,644,1,'Pending','2014-07-21',NULL,NULL,'Aspiration Programme','',2,'Weeks',1,2,'Weeks',1,0,0,'',0,''),(5177,644,1,'Pending','2014-07-21',NULL,NULL,'Contact Person','',2,'Weeks',1,2,'Weeks',1,0,0,'',0,''),(5178,644,2,'Pending','2014-07-21',NULL,NULL,'Self Assessment','',6,'Months',1,2,'Weeks',1,0,0,'',0,''),(5179,644,2,'Pending','2014-07-21',NULL,NULL,'Contact Person Report','',6,'Months',1,2,'Weeks',1,0,0,'',0,''),(5180,644,3,'Pending','2014-07-21',NULL,NULL,'Touch Base','',9,'Months',1,2,'Weeks',1,0,0,'',0,''),(5181,644,2,'Pending','2014-07-21',NULL,NULL,'Signed B-Form','',1,'Weeks',1,1,'Weeks',1,0,0,'',0,''),(5182,645,1,'Pending','2014-07-21',NULL,NULL,'Financial Agreement','',2,'Weeks',1,1,'Weeks',1,0,0,'',0,''),(5183,645,1,'Pending','2014-07-21',NULL,NULL,'Housing Agreement','',2,'Weeks',1,2,'Weeks',1,0,0,'',0,''),(5184,645,1,'Pending','2014-07-21',NULL,NULL,'Health Fund','',2,'Weeks',1,2,'Weeks',1,0,0,'',0,''),(5185,645,1,'Pending','2014-07-21',NULL,NULL,'Aspiration Programme','',2,'Weeks',1,2,'Weeks',1,0,0,'',0,''),(5186,645,1,'Pending','2014-07-21',NULL,NULL,'Contact Person','',2,'Weeks',1,2,'Weeks',1,0,0,'',0,''),(5187,645,2,'Pending','2014-07-21',NULL,NULL,'Self Assessment','',6,'Months',1,2,'Weeks',1,0,0,'',0,''),(5188,645,2,'Pending','2014-07-21',NULL,NULL,'Contact Person Report','',6,'Months',1,2,'Weeks',1,0,0,'',0,''),(5189,645,3,'Pending','2014-07-21',NULL,NULL,'Touch Base','',9,'Months',1,2,'Weeks',1,0,0,'',0,''),(5190,645,2,'Pending','2014-07-21',NULL,NULL,'Signed B-Form','',1,'Weeks',1,1,'Weeks',1,0,0,'',0,''),(5191,646,1,'Pending','2014-07-21',NULL,NULL,'Financial Agreement','',2,'Weeks',1,1,'Weeks',1,0,0,'',0,''),(5192,646,1,'Pending','2014-07-21',NULL,NULL,'Housing Agreement','',2,'Weeks',1,2,'Weeks',1,0,0,'',0,''),(5193,646,1,'Pending','2014-07-21',NULL,NULL,'Health Fund','',2,'Weeks',1,2,'Weeks',1,0,0,'',0,''),(5194,646,1,'Pending','2014-07-21',NULL,NULL,'Aspiration Programme','',2,'Weeks',1,2,'Weeks',1,0,0,'',0,''),(5195,646,1,'Pending','2014-07-21',NULL,NULL,'Contact Person','',2,'Weeks',1,2,'Weeks',1,0,0,'',0,''),(5196,646,2,'Pending','2014-07-21',NULL,NULL,'Self Assessment','',6,'Months',1,2,'Weeks',1,0,0,'',0,''),(5197,646,2,'Pending','2014-07-21',NULL,NULL,'Contact Person Report','',6,'Months',1,2,'Weeks',1,0,0,'',0,''),(5198,646,3,'Pending','2014-07-21',NULL,NULL,'Touch Base','',9,'Months',1,2,'Weeks',1,0,0,'',0,''),(5199,646,2,'Pending','2014-07-21',NULL,NULL,'Signed B-Form','',1,'Weeks',1,1,'Weeks',1,0,0,'',0,''),(5200,647,1,'Pending','2014-07-30',NULL,NULL,'Financial Agreement','',2,'Weeks',1,1,'Weeks',1,0,0,'',0,''),(5201,647,1,'Pending','2014-07-30',NULL,NULL,'Housing Agreement','',2,'Weeks',1,2,'Weeks',1,0,0,'',0,''),(5202,647,1,'Pending','2014-07-30',NULL,NULL,'Health Fund','',2,'Weeks',1,2,'Weeks',1,0,0,'',0,''),(5203,647,1,'Pending','2014-07-30',NULL,NULL,'Aspiration Programme','',2,'Weeks',1,2,'Weeks',1,0,0,'',0,''),(5204,647,1,'Pending','2014-07-30',NULL,NULL,'Contact Person','',2,'Weeks',1,2,'Weeks',1,0,0,'',0,''),(5205,647,2,'Pending','2014-07-30',NULL,NULL,'Self Assessment','',6,'Months',1,2,'Weeks',1,0,0,'',0,''),(5206,647,2,'Pending','2014-07-30',NULL,NULL,'Contact Person Report','',6,'Months',1,2,'Weeks',1,0,0,'',0,''),(5207,647,3,'Pending','2014-07-30',NULL,NULL,'Touch Base','',9,'Months',1,2,'Weeks',1,0,0,'',0,''),(5208,647,2,'Pending','2014-07-30',NULL,NULL,'Signed B-Form','',1,'Weeks',1,1,'Weeks',1,0,0,'',0,''),(5209,648,1,'Pending','2014-08-12',NULL,NULL,'Financial Agreement','',2,'Weeks',1,1,'Weeks',1,0,0,'',0,''),(5210,648,1,'Pending','2014-08-12',NULL,NULL,'Housing Agreement','',2,'Weeks',1,2,'Weeks',1,0,0,'',0,''),(5211,648,1,'Pending','2014-08-12',NULL,NULL,'Health Fund','',2,'Weeks',1,2,'Weeks',1,0,0,'',0,''),(5212,648,1,'Pending','2014-08-12',NULL,NULL,'Aspiration Programme','',2,'Weeks',1,2,'Weeks',1,0,0,'',0,''),(5213,648,1,'Pending','2014-08-12',NULL,NULL,'Contact Person','',2,'Weeks',1,2,'Weeks',1,0,0,'',0,''),(5214,648,2,'Pending','2014-08-12',NULL,NULL,'Self Assessment','',6,'Months',1,2,'Weeks',1,0,0,'',0,''),(5215,648,2,'Pending','2014-08-12',NULL,NULL,'Contact Person Report','',6,'Months',1,2,'Weeks',1,0,0,'',0,''),(5216,648,3,'Pending','2014-08-12',NULL,NULL,'Touch Base','',9,'Months',1,2,'Weeks',1,0,0,'',0,''),(5217,648,2,'Pending','2014-08-12',NULL,NULL,'Signed B-Form','',1,'Weeks',1,1,'Weeks',1,0,0,'',0,''),(5218,649,1,'Pending','2014-08-12',NULL,NULL,'Financial Agreement','',2,'Weeks',1,1,'Weeks',1,0,0,'',0,''),(5219,649,1,'Pending','2014-08-12',NULL,NULL,'Housing Agreement','',2,'Weeks',1,2,'Weeks',1,0,0,'',0,''),(5220,649,1,'Pending','2014-08-12',NULL,NULL,'Health Fund','',2,'Weeks',1,2,'Weeks',1,0,0,'',0,''),(5221,649,1,'Pending','2014-08-12',NULL,NULL,'Aspiration Programme','',2,'Weeks',1,2,'Weeks',1,0,0,'',0,''),(5222,649,1,'Pending','2014-08-12',NULL,NULL,'Contact Person','',2,'Weeks',1,2,'Weeks',1,0,0,'',0,''),(5223,649,2,'Pending','2014-08-12',NULL,NULL,'Self Assessment','',6,'Months',1,2,'Weeks',1,0,0,'',0,''),(5224,649,2,'Pending','2014-08-12',NULL,NULL,'Contact Person Report','',6,'Months',1,2,'Weeks',1,0,0,'',0,''),(5225,649,3,'Pending','2014-08-12',NULL,NULL,'Touch Base','',9,'Months',1,2,'Weeks',1,0,0,'',0,''),(5226,649,2,'Pending','2014-08-12',NULL,NULL,'Signed B-Form','',1,'Weeks',1,1,'Weeks',1,0,0,'',0,''),(5227,650,1,'Pending','2014-08-12',NULL,NULL,'Financial Agreement','',2,'Weeks',1,1,'Weeks',1,0,0,'',0,''),(5228,650,1,'Pending','2014-08-12',NULL,NULL,'Housing Agreement','',2,'Weeks',1,2,'Weeks',1,0,0,'',0,''),(5229,650,1,'Pending','2014-08-12',NULL,NULL,'Health Fund','',2,'Weeks',1,2,'Weeks',1,0,0,'',0,''),(5230,650,1,'Pending','2014-08-12',NULL,NULL,'Aspiration Programme','',2,'Weeks',1,2,'Weeks',1,0,0,'',0,''),(5231,650,1,'Pending','2014-08-12',NULL,NULL,'Contact Person','',2,'Weeks',1,2,'Weeks',1,0,0,'',0,''),(5232,650,2,'Pending','2014-08-12',NULL,NULL,'Self Assessment','',6,'Months',1,2,'Weeks',1,0,0,'',0,''),(5233,650,2,'Pending','2014-08-12',NULL,NULL,'Contact Person Report','',6,'Months',1,2,'Weeks',1,0,0,'',0,''),(5234,650,3,'Pending','2014-08-12',NULL,NULL,'Touch Base','',9,'Months',1,2,'Weeks',1,0,0,'',0,''),(5235,650,2,'Pending','2014-08-12',NULL,NULL,'Signed B-Form','',1,'Weeks',1,1,'Weeks',1,0,0,'',0,''),(5236,651,1,'Pending','2014-08-12',NULL,NULL,'Financial Agreement','',2,'Weeks',1,1,'Weeks',1,0,0,'',0,''),(5237,651,1,'Pending','2014-08-12',NULL,NULL,'Housing Agreement','',2,'Weeks',1,2,'Weeks',1,0,0,'',0,''),(5238,651,1,'Pending','2014-08-12',NULL,NULL,'Health Fund','',2,'Weeks',1,2,'Weeks',1,0,0,'',0,''),(5239,651,1,'Pending','2014-08-12',NULL,NULL,'Aspiration Programme','',2,'Weeks',1,2,'Weeks',1,0,0,'',0,''),(5240,651,1,'Pending','2014-08-12',NULL,NULL,'Contact Person','',2,'Weeks',1,2,'Weeks',1,0,0,'',0,''),(5241,651,2,'Pending','2014-08-12',NULL,NULL,'Self Assessment','',6,'Months',1,2,'Weeks',1,0,0,'',0,''),(5242,651,2,'Pending','2014-08-12',NULL,NULL,'Contact Person Report','',6,'Months',1,2,'Weeks',1,0,0,'',0,''),(5243,651,3,'Pending','2014-08-12',NULL,NULL,'Touch Base','',9,'Months',1,2,'Weeks',1,0,0,'',0,''),(5244,651,2,'Pending','2014-08-12',NULL,NULL,'Signed B-Form','',1,'Weeks',1,1,'Weeks',1,0,0,'',0,''),(5245,652,1,'Pending','2014-08-12',NULL,NULL,'Financial Agreement','',2,'Weeks',1,1,'Weeks',1,0,0,'',0,''),(5246,652,1,'Pending','2014-08-12',NULL,NULL,'Housing Agreement','',2,'Weeks',1,2,'Weeks',1,0,0,'',0,''),(5247,652,1,'Pending','2014-08-12',NULL,NULL,'Health Fund','',2,'Weeks',1,2,'Weeks',1,0,0,'',0,''),(5248,652,1,'Pending','2014-08-12',NULL,NULL,'Aspiration Programme','',2,'Weeks',1,2,'Weeks',1,0,0,'',0,''),(5249,652,1,'Pending','2014-08-12',NULL,NULL,'Contact Person','',2,'Weeks',1,2,'Weeks',1,0,0,'',0,''),(5250,652,2,'Pending','2014-08-12',NULL,NULL,'Self Assessment','',6,'Months',1,2,'Weeks',1,0,0,'',0,''),(5251,652,2,'Pending','2014-08-12',NULL,NULL,'Contact Person Report','',6,'Months',1,2,'Weeks',1,0,0,'',0,''),(5252,652,3,'Pending','2014-08-12',NULL,NULL,'Touch Base','',9,'Months',1,2,'Weeks',1,0,0,'',0,''),(5253,652,2,'Pending','2014-08-12',NULL,NULL,'Signed B-Form','',1,'Weeks',1,1,'Weeks',1,0,0,'',0,''),(5254,653,1,'Pending','2014-08-12',NULL,NULL,'Financial Agreement','',2,'Weeks',1,1,'Weeks',1,0,0,'',0,''),(5255,653,1,'Pending','2014-08-12',NULL,NULL,'Housing Agreement','',2,'Weeks',1,2,'Weeks',1,0,0,'',0,''),(5256,653,1,'Pending','2014-08-12',NULL,NULL,'Health Fund','',2,'Weeks',1,2,'Weeks',1,0,0,'',0,''),(5257,653,1,'Pending','2014-08-12',NULL,NULL,'Aspiration Programme','',2,'Weeks',1,2,'Weeks',1,0,0,'',0,''),(5258,653,1,'Pending','2014-08-12',NULL,NULL,'Contact Person','',2,'Weeks',1,2,'Weeks',1,0,0,'',0,''),(5259,653,2,'Pending','2014-08-12',NULL,NULL,'Self Assessment','',6,'Months',1,2,'Weeks',1,0,0,'',0,''),(5260,653,2,'Pending','2014-08-12',NULL,NULL,'Contact Person Report','',6,'Months',1,2,'Weeks',1,0,0,'',0,''),(5261,653,3,'Pending','2014-08-12',NULL,NULL,'Touch Base','',9,'Months',1,2,'Weeks',1,0,0,'',0,''),(5262,653,2,'Pending','2014-08-12',NULL,NULL,'Signed B-Form','',1,'Weeks',1,1,'Weeks',1,0,0,'',0,'');
/*!40000 ALTER TABLE `applicant_milestones` ENABLE KEYS */;
UNLOCK TABLES;

--
-- Table structure for table `applicant_phone`
--

DROP TABLE IF EXISTS `applicant_phone`;
/*!40101 SET @saved_cs_client     = @@character_set_client */;
/*!40101 SET character_set_client = utf8 */;
CREATE TABLE `applicant_phone` (
  `ID` int(11) NOT NULL AUTO_INCREMENT,
  `ApplicantID` int(11) NOT NULL,
  `ContactType` enum('Cell','Home','Work') NOT NULL,
  `Number` varchar(32) NOT NULL,
  `IsPrimary` enum('Y','N') NOT NULL,
  PRIMARY KEY (`ID`),
  UNIQUE KEY `ApplicantID_2` (`ApplicantID`,`Number`),
  KEY `ApplicantID` (`ApplicantID`),
  CONSTRAINT `applicant_phone_ibfk_2` FOREIGN KEY (`ApplicantID`) REFERENCES `applicant` (`ID`) ON DELETE CASCADE
) ENGINE=InnoDB AUTO_INCREMENT=180 DEFAULT CHARSET=latin1;
/*!40101 SET character_set_client = @saved_cs_client */;

--
-- Dumping data for table `applicant_phone`
--

LOCK TABLES `applicant_phone` WRITE;
/*!40000 ALTER TABLE `applicant_phone` DISABLE KEYS */;
INSERT INTO `applicant_phone` VALUES (1,493,'Cell','8489113303','Y'),(2,494,'Cell','8098951025','Y'),(3,495,'Cell','915928163','Y'),(4,496,'Cell','9159818025','Y'),(5,497,'Cell','7639738035','Y'),(6,498,'Cell','9659714155','Y'),(7,499,'Cell','9489918603','Y'),(8,500,'Cell','8098964202','Y'),(9,501,'Cell','9786212768','Y'),(10,501,'Home','2622608','N'),(11,502,'Cell','9159435768','Y'),(12,503,'Cell','9943921916','Y'),(13,504,'Cell','8098900708','Y'),(14,505,'Cell','95858330319','Y'),(15,506,'Cell','9843318884','Y'),(16,507,'Cell','9585162922','Y'),(17,508,'Cell','7639434994','Y'),(18,508,'Home','2622948','N'),(19,509,'Cell','8940662219','Y'),(20,510,'Cell','894000674250','Y'),(21,511,'Cell','9583654952','Y'),(22,512,'Cell','81108488123','Y'),(23,512,'Home','2623663','N'),(24,513,'Cell','8489320028','Y'),(25,514,'Cell','9655024868','Y'),(26,515,'Cell','9159350843','Y'),(27,516,'Cell','9786296441','Y'),(28,517,'Cell','8489265342','Y'),(29,518,'Cell','9486623426','Y'),(30,519,'Cell','8098900356','Y'),(31,519,'Home','2622193','N'),(32,520,'Cell','9159186803','Y'),(33,521,'Cell','8098900471','Y'),(34,522,'Cell','8098900364','Y'),(35,523,'Cell','8940221071','Y'),(36,524,'Cell','443628136','Y'),(37,525,'Cell','9843191370','Y'),(38,526,'Cell','8098958679','Y'),(39,527,'Cell','9655477407','Y'),(40,528,'Cell','9159816807','Y'),(41,529,'Cell','9442526287','Y'),(42,529,'Home','2622979','N'),(43,530,'Home','2622430','N'),(44,531,'Cell','9486535873','Y'),(45,532,'Cell','7598566949','Y'),(46,533,'Cell','9489818762','Y'),(47,534,'Cell','8098958679','Y'),(48,535,'Cell','7598566800','Y'),(49,535,'Home','2622755','N'),(50,536,'Cell','9443084705','Y'),(51,537,'Cell','9585835238','Y'),(52,538,'Cell','9840851286','Y'),(53,539,'Cell','8489041918','Y'),(54,540,'Cell','7639434994','Y'),(55,541,'Cell','9442069249','Y'),(56,542,'Cell','9943941082','Y'),(57,542,'Home','2622419','N'),(58,543,'Cell','8940195371','Y'),(59,544,'Cell','9751869370','Y'),(60,544,'Home','2622994','N'),(61,545,'Cell','9626802341','Y'),(62,546,'Cell','8098736584','Y'),(63,547,'Cell','9585165267','Y'),(64,548,'Cell','8110847960','Y'),(65,548,'Home','2623067','N'),(66,549,'Cell','8940219725','Y'),(67,550,'Cell','9626886029','Y'),(68,551,'Cell','9443362328','Y'),(69,553,'Cell','8903162544','Y'),(70,555,'Cell','8940662143','Y'),(71,556,'Cell','9585165327','Y'),(72,557,'Cell','9786900344','Y'),(73,559,'Cell','9787350006','Y'),(74,560,'Cell','8940697001','Y'),(75,561,'Cell','9489505691','Y'),(76,562,'Cell','9787907880','Y'),(77,563,'Cell','944299237','Y'),(78,565,'Cell','9488814841','Y'),(79,565,'Home','2623740','N'),(80,566,'Cell','9843187158','Y'),(81,567,'Cell','9047722740','Y'),(82,568,'Cell','9443246221','Y'),(83,569,'Cell','9585346787','Y'),(84,570,'Cell','9787558837','Y'),(85,571,'Cell','8098145081','Y'),(86,572,'Cell','9787084986','Y'),(87,573,'Cell','8098758287','Y'),(88,574,'Cell','9840031935','Y'),(89,575,'Home','2622769','N'),(90,576,'Cell','8098796955','Y'),(91,577,'Cell','7598142290','Y'),(92,578,'Cell','9626898538','Y'),(93,579,'Cell','8940696636','Y'),(94,580,'Cell','9842941959','Y'),(95,581,'Cell','9443797226','Y'),(96,581,'Home','2622297','N'),(97,582,'Cell','9626893789','Y'),(98,583,'Cell','9787829648','Y'),(99,584,'Cell','8098913075','Y'),(100,585,'Cell','9840031935','Y'),(101,586,'Cell','9943905721','Y'),(102,586,'Home','2623799','N'),(103,587,'Cell','8098960870','Y'),(104,588,'Cell','9443643203','Y'),(105,588,'Home','2918571','N'),(106,589,'Cell','7639791269','Y'),(107,590,'Cell','8489197701','Y'),(108,591,'Cell','8098813501','Y'),(109,592,'Cell','no','Y'),(110,593,'Cell','9787628408','Y'),(111,594,'Cell','9488604879','Y'),(112,595,'Cell','7039763955','Y'),(113,595,'Home','2622570','N'),(114,596,'Cell','9443362246','Y'),(115,596,'Home','2622387','N'),(116,597,'Cell','9360043538','Y'),(117,598,'Cell','7639807082','Y'),(118,598,'Home','26223330','N'),(119,599,'Home','2623132','N'),(120,600,'Cell','8489417116','Y'),(121,601,'Cell','9786348442','Y'),(122,602,'Cell','9787416417','Y'),(123,603,'Cell','9787928790','Y'),(124,604,'Cell','9442788016','Y'),(125,604,'Home','2622539','N'),(126,605,'Cell','9486475457','Y'),(127,606,'Cell','9943106579','Y'),(128,607,'Cell','9488084962','Y'),(129,608,'Cell','9585207965','Y'),(130,609,'Cell','9159052743','Y'),(131,609,'Home','2623564','N'),(132,610,'Cell','9731425162','Y'),(133,611,'Cell','9786016134','Y'),(134,612,'Cell','9486983118','Y'),(135,613,'Cell','8330913550','Y'),(136,613,'Home','2622500','N'),(137,614,'Cell','8940550135','Y'),(138,614,'Home','2622584','N'),(139,615,'Cell','9047520702','Y'),(140,616,'Cell','9159947538','Y'),(141,617,'Cell','9443355624','Y'),(142,617,'Home','2622047','N'),(143,618,'Cell','9585832151','Y'),(144,619,'Cell','9443643203','Y'),(145,621,'Cell','9786775818','Y'),(146,622,'Cell','9449835658','Y'),(147,624,'Cell','9751395806','Y'),(148,625,'Cell','9159153912','Y'),(149,626,'Cell','8098900728','Y'),(150,627,'Cell','9943918779','Y'),(151,628,'Cell','9345117225','Y'),(152,629,'Cell','9345251713','Y'),(153,631,'Cell','9624799374','Y'),(154,632,'Cell','9994236103','Y'),(155,633,'Cell','9786626952','Y'),(156,634,'Cell','9159052743','Y'),(157,635,'Cell','8056421615','Y'),(158,636,'Cell','9943887593','Y'),(159,636,'Home','2622677','N'),(160,637,'Cell','9943106579','Y'),(161,638,'Cell','9787468553','Y'),(162,640,'Cell','9159437902','Y'),(163,641,'Cell','8939749960','Y'),(164,643,'Cell','7639868275','Y'),(165,643,'Home','2622174','N'),(166,645,'Cell','9159440642','Y'),(167,645,'Home','2623189','N'),(168,646,'Cell','7598132290','Y'),(169,646,'Home','2622252','N'),(174,649,'Cell','7639768014','Y'),(175,650,'Cell','9655996858','Y'),(177,650,'Home','2623806','Y'),(178,652,'Cell','8940563968','Y'),(179,653,'Work','2622063','Y');
/*!40000 ALTER TABLE `applicant_phone` ENABLE KEYS */;
UNLOCK TABLES;

--
-- Table structure for table `applicant_reminders`
--

DROP TABLE IF EXISTS `applicant_reminders`;
/*!40101 SET @saved_cs_client     = @@character_set_client */;
/*!40101 SET character_set_client = utf8 */;
CREATE TABLE `applicant_reminders` (
  `ID` int(11) NOT NULL AUTO_INCREMENT,
  `ApplicantID` int(11) NOT NULL,
  `ApplicantMilestoneID` int(11) NOT NULL,
  `Status` enum('Active','Completed','Cancelled') NOT NULL,
  `Description` varchar(64) NOT NULL,
  `EmailMessage` text NOT NULL,
  `RepeatInterval` smallint(6) NOT NULL,
  `RepeatPeriod` enum('Days','Weeks','Months','Years') NOT NULL,
  `EmailApplicant` tinyint(1) NOT NULL,
  `EmailTeam` tinyint(1) NOT NULL,
  `EmailES` tinyint(1) NOT NULL,
  `DateRecorded` date DEFAULT NULL,
  PRIMARY KEY (`ID`),
  KEY `Status` (`Status`),
  KEY `Description` (`Description`),
  KEY `ApplicantMilestoneID` (`ApplicantMilestoneID`),
  KEY `ApplicantID` (`ApplicantID`),
  CONSTRAINT `applicant_reminders_ibfk_1` FOREIGN KEY (`ApplicantID`) REFERENCES `applicant` (`ID`) ON DELETE CASCADE,
  CONSTRAINT `applicant_reminders_ibfk_2` FOREIGN KEY (`ApplicantMilestoneID`) REFERENCES `applicant_milestones` (`ID`) ON DELETE CASCADE
) ENGINE=InnoDB DEFAULT CHARSET=latin1;
/*!40101 SET character_set_client = @saved_cs_client */;

--
-- Dumping data for table `applicant_reminders`
--

LOCK TABLES `applicant_reminders` WRITE;
/*!40000 ALTER TABLE `applicant_reminders` DISABLE KEYS */;
/*!40000 ALTER TABLE `applicant_reminders` ENABLE KEYS */;
UNLOCK TABLES;

--
-- Table structure for table `applicant_statistics`
--

DROP TABLE IF EXISTS `applicant_statistics`;
/*!40101 SET @saved_cs_client     = @@character_set_client */;
/*!40101 SET character_set_client = utf8 */;
CREATE TABLE `applicant_statistics` (
  `ID` int(11) NOT NULL AUTO_INCREMENT,
  `ApplicantID` int(11) NOT NULL,
  `CategoryID` int(11) NOT NULL,
  `AnswerID` int(11) NOT NULL,
  `DateRecorded` date NOT NULL,
  `Notes` text NOT NULL,
  PRIMARY KEY (`ID`),
  UNIQUE KEY `ApplicantID` (`ApplicantID`,`CategoryID`),
  KEY `AnswerID` (`AnswerID`),
  KEY `CategoryID` (`CategoryID`),
  CONSTRAINT `applicant_statistics_ibfk_1` FOREIGN KEY (`ApplicantID`) REFERENCES `applicant` (`ID`) ON DELETE CASCADE,
  CONSTRAINT `applicant_statistics_ibfk_2` FOREIGN KEY (`CategoryID`) REFERENCES `statistics_category` (`ID`),
  CONSTRAINT `applicant_statistics_ibfk_3` FOREIGN KEY (`AnswerID`) REFERENCES `statistics_answer` (`ID`)
) ENGINE=InnoDB DEFAULT CHARSET=latin1;
/*!40101 SET character_set_client = @saved_cs_client */;

--
-- Dumping data for table `applicant_statistics`
--

LOCK TABLES `applicant_statistics` WRITE;
/*!40000 ALTER TABLE `applicant_statistics` DISABLE KEYS */;
/*!40000 ALTER TABLE `applicant_statistics` ENABLE KEYS */;
UNLOCK TABLES;

--
-- Table structure for table `applicant_status`
--

DROP TABLE IF EXISTS `applicant_status`;
/*!40101 SET @saved_cs_client     = @@character_set_client */;
/*!40101 SET character_set_client = utf8 */;
CREATE TABLE `applicant_status` (
  `ID` int(11) NOT NULL AUTO_INCREMENT,
  `ApplicantID` int(11) NOT NULL,
  `StatusID` int(11) NOT NULL,
  `StartedOn` date NOT NULL,
  `CompletedOn` date DEFAULT NULL,
  `Color` varchar(10) NOT NULL,
  `Duration` smallint(6) NOT NULL,
  `DurationPeriod` enum('Days','Weeks','Months','Years') NOT NULL,
  PRIMARY KEY (`ID`),
  UNIQUE KEY `ApplicantID` (`ApplicantID`,`StatusID`),
  KEY `IdentityID` (`ApplicantID`),
  KEY `StatusID` (`StatusID`),
  CONSTRAINT `applicant_status_ibfk_1` FOREIGN KEY (`ApplicantID`) REFERENCES `applicant` (`ID`) ON DELETE CASCADE,
  CONSTRAINT `applicant_status_ibfk_2` FOREIGN KEY (`StatusID`) REFERENCES `status` (`ID`) ON DELETE CASCADE
) ENGINE=InnoDB AUTO_INCREMENT=159 DEFAULT CHARSET=latin1;
/*!40101 SET character_set_client = @saved_cs_client */;

--
-- Dumping data for table `applicant_status`
--

LOCK TABLES `applicant_status` WRITE;
/*!40000 ALTER TABLE `applicant_status` DISABLE KEYS */;
INSERT INTO `applicant_status` VALUES (1,493,7,'2013-04-27',NULL,'',2,'Weeks'),(2,494,7,'2013-03-30',NULL,'',2,'Weeks'),(3,495,7,'2013-03-30',NULL,'',2,'Weeks'),(4,496,7,'2010-10-04',NULL,'',2,'Weeks'),(5,497,7,'2013-02-16',NULL,'',2,'Weeks'),(6,498,7,'2013-04-27',NULL,'',2,'Weeks'),(7,499,7,'2013-02-02',NULL,'',2,'Weeks'),(8,500,6,'2012-10-01',NULL,'',0,''),(9,501,6,'2013-03-02',NULL,'',0,''),(10,502,6,'2013-04-27',NULL,'',0,''),(11,503,6,'2011-11-07',NULL,'',0,''),(12,504,6,'2012-04-30',NULL,'',0,''),(13,505,6,'2012-10-01',NULL,'',0,''),(14,506,6,'2012-04-02',NULL,'',0,''),(15,507,6,'2012-11-26',NULL,'',0,''),(16,508,6,'2012-04-30',NULL,'',0,''),(17,509,6,'2012-09-03',NULL,'',0,''),(18,510,6,'2013-01-19',NULL,'',0,''),(19,511,6,'2011-10-03',NULL,'',0,''),(20,512,6,'2013-11-23',NULL,'',0,''),(21,513,6,'2012-04-30',NULL,'',0,''),(22,514,6,'2013-04-03',NULL,'',0,''),(23,515,6,'2012-09-03',NULL,'',0,''),(24,516,6,'2011-02-21',NULL,'',0,''),(25,517,6,'2013-03-30',NULL,'',0,''),(26,518,6,'2013-03-02',NULL,'',0,''),(27,519,6,'2012-12-22',NULL,'',0,''),(28,520,6,'2012-01-02',NULL,'',0,''),(29,521,6,'2012-04-30',NULL,'',0,''),(30,522,6,'2012-04-30',NULL,'',0,''),(31,523,6,'2012-01-02',NULL,'',0,''),(32,524,6,'2013-01-19',NULL,'',0,''),(33,525,6,'2012-07-16',NULL,'',0,''),(34,526,6,'2012-12-08',NULL,'',0,''),(35,527,6,'2012-01-01',NULL,'',0,''),(36,528,6,'2011-02-05',NULL,'',0,''),(37,529,6,'2012-01-16',NULL,'',0,''),(38,530,6,'2012-09-03',NULL,'',0,''),(39,531,6,'2013-03-02',NULL,'',0,''),(40,532,6,'2012-01-01',NULL,'',0,''),(41,533,6,'2013-02-16',NULL,'',0,''),(42,534,6,'2012-12-08',NULL,'',0,''),(43,535,6,'2012-03-11',NULL,'',0,''),(44,536,6,'2012-05-15',NULL,'',0,''),(45,537,6,'2012-11-08',NULL,'',0,''),(46,538,6,'2012-11-26',NULL,'',0,''),(47,539,6,'2011-11-21',NULL,'',0,''),(48,540,6,'2012-04-30',NULL,'',0,''),(49,541,6,'2011-03-07',NULL,'',0,''),(50,542,6,'2012-01-02',NULL,'',0,''),(51,543,9,'2013-09-07',NULL,'',0,'Days'),(52,544,9,'2011-02-21',NULL,'',0,'Days'),(53,545,9,'2014-03-01',NULL,'',0,'Days'),(54,546,9,'2014-07-21',NULL,'',0,'Days'),(55,547,9,'2012-04-02',NULL,'',0,'Days'),(56,548,9,'2014-03-01',NULL,'',0,'Days'),(57,549,9,'2012-01-16',NULL,'',0,'Days'),(58,550,9,'2013-11-09',NULL,'',0,'Days'),(59,551,3,'2013-04-24',NULL,'',1,'Years'),(60,552,3,'2013-12-21',NULL,'',1,'Years'),(61,553,3,'2012-04-12',NULL,'',1,'Years'),(62,554,3,'2013-09-21',NULL,'',1,'Years'),(63,555,3,'2013-11-05',NULL,'',1,'Years'),(64,556,3,'2013-02-16',NULL,'',1,'Years'),(65,557,3,'2013-12-07',NULL,'',1,'Years'),(66,558,3,'2014-04-26',NULL,'',1,'Years'),(67,559,3,'2011-05-09',NULL,'',1,'Years'),(68,560,3,'2014-07-21',NULL,'',1,'Years'),(69,561,3,'2014-05-10',NULL,'',1,'Years'),(70,562,3,'2013-11-09',NULL,'',1,'Years'),(71,563,3,'2013-09-21',NULL,'',1,'Years'),(72,564,3,'2013-08-10',NULL,'',1,'Years'),(73,565,3,'2014-02-01',NULL,'',1,'Years'),(74,566,3,'2013-09-07',NULL,'',1,'Years'),(75,567,3,'2012-12-08',NULL,'',1,'Years'),(76,568,3,'2013-11-09',NULL,'',1,'Years'),(77,569,3,'2014-02-01',NULL,'',1,'Years'),(78,570,3,'2014-02-15',NULL,'',1,'Years'),(79,571,3,'2013-11-23',NULL,'',1,'Years'),(80,572,3,'2013-09-07',NULL,'',1,'Years'),(81,573,3,'2013-09-07',NULL,'',1,'Years'),(82,574,3,'2014-12-08',NULL,'',1,'Years'),(83,575,3,'2013-10-26',NULL,'',1,'Years'),(84,576,3,'2013-03-16',NULL,'',1,'Years'),(85,577,3,'2014-03-15',NULL,'',1,'Years'),(86,578,3,'2014-02-15',NULL,'',1,'Years'),(87,579,3,'2013-11-09',NULL,'',1,'Years'),(88,580,3,'2013-12-03',NULL,'',1,'Years'),(89,581,3,'2013-08-10',NULL,'',1,'Years'),(90,582,3,'2013-11-09',NULL,'',1,'Years'),(91,583,3,'2013-08-10',NULL,'',1,'Years'),(92,584,3,'2012-01-02',NULL,'',1,'Years'),(93,585,3,'2013-08-10',NULL,'',1,'Years'),(94,586,3,'2012-10-01',NULL,'',1,'Years'),(95,587,3,'2013-03-30',NULL,'',1,'Years'),(96,588,3,'2014-02-01',NULL,'',1,'Years'),(97,589,3,'2013-09-07',NULL,'',1,'Years'),(98,590,3,'2013-03-30',NULL,'',1,'Years'),(99,591,3,'2014-01-04',NULL,'',1,'Years'),(100,592,3,'2013-03-04',NULL,'',1,'Years'),(101,593,3,'2013-09-07',NULL,'',1,'Years'),(102,594,3,'2013-12-21',NULL,'',1,'Years'),(103,595,3,'2014-02-01',NULL,'',1,'Years'),(104,596,3,'2014-02-01',NULL,'',1,'Years'),(105,597,3,'2013-05-11',NULL,'',1,'Years'),(106,598,3,'2013-12-21',NULL,'',1,'Years'),(107,599,3,'2014-04-26',NULL,'',1,'Years'),(108,600,3,'2013-01-19',NULL,'',1,'Years'),(109,601,3,'2013-05-11',NULL,'',1,'Years'),(110,602,3,'2013-09-07',NULL,'',1,'Years'),(111,603,3,'2014-02-01',NULL,'',1,'Years'),(112,604,3,'2013-09-07',NULL,'',1,'Years'),(113,605,3,'2013-08-24',NULL,'',1,'Years'),(114,606,3,'2014-04-26',NULL,'',1,'Years'),(115,607,3,'2013-08-10',NULL,'',1,'Years'),(116,608,3,'2013-08-24',NULL,'',1,'Years'),(117,609,3,'2014-02-01',NULL,'',1,'Years'),(118,610,3,'2013-08-24',NULL,'',1,'Years'),(119,611,3,'2014-04-26',NULL,'',1,'Years'),(120,612,3,'2013-03-30',NULL,'',1,'Years'),(121,613,3,'2014-04-26',NULL,'',1,'Years'),(122,614,3,'2013-07-27',NULL,'',1,'Years'),(123,615,3,'2014-04-26',NULL,'',1,'Years'),(124,616,3,'2014-03-15',NULL,'',1,'Years'),(125,617,3,'2013-12-21',NULL,'',1,'Years'),(126,618,3,'2013-02-16',NULL,'',1,'Years'),(127,619,3,'2014-01-04',NULL,'',1,'Years'),(128,620,3,'2014-07-21',NULL,'',1,'Years'),(129,621,3,'2012-01-16',NULL,'',1,'Years'),(130,622,3,'2014-04-26',NULL,'',1,'Years'),(131,623,3,'2013-12-21',NULL,'',1,'Years'),(132,624,3,'2013-09-07',NULL,'',1,'Years'),(133,625,3,'2013-10-12',NULL,'',1,'Years'),(134,626,3,'2014-01-04',NULL,'',1,'Years'),(135,627,3,'2013-11-09',NULL,'',1,'Years'),(136,628,3,'2011-11-21',NULL,'',1,'Years'),(137,629,3,'2013-09-21',NULL,'',1,'Years'),(138,630,3,'2013-09-07',NULL,'',1,'Years'),(139,631,3,'2013-07-13',NULL,'',1,'Years'),(140,632,3,'2013-09-21',NULL,'',1,'Years'),(141,633,3,'2014-04-12',NULL,'',1,'Years'),(142,634,3,'2014-02-01',NULL,'',1,'Years'),(143,635,3,'2013-11-09',NULL,'',1,'Years'),(144,636,3,'2013-12-21',NULL,'',1,'Years'),(145,637,3,'2014-04-26',NULL,'',1,'Years'),(146,638,3,'2012-09-17',NULL,'',1,'Years'),(147,639,3,'2013-11-23',NULL,'',1,'Years'),(148,640,3,'2013-08-24',NULL,'',1,'Years'),(149,641,3,'2013-10-08',NULL,'',1,'Years'),(150,642,3,'2014-01-04',NULL,'',1,'Years'),(151,643,8,'2014-06-21',NULL,'',0,''),(152,644,8,'2014-04-26',NULL,'',0,''),(153,645,8,'2013-10-26',NULL,'',0,''),(154,646,8,'2014-03-01',NULL,'',0,''),(155,649,3,'2014-08-09',NULL,'',1,'Years'),(156,650,3,'2014-08-09',NULL,'',1,'Years'),(157,652,3,'2014-08-09',NULL,'',1,'Years'),(158,653,3,'2014-08-09',NULL,'',1,'Years');
/*!40000 ALTER TABLE `applicant_status` ENABLE KEYS */;
UNLOCK TABLES;

--
-- Table structure for table `children`
--

DROP TABLE IF EXISTS `children`;
/*!40101 SET @saved_cs_client     = @@character_set_client */;
/*!40101 SET character_set_client = utf8 */;
CREATE TABLE `children` (
  `ID` int(11) NOT NULL AUTO_INCREMENT,
  `ApplicantID` int(11) NOT NULL,
  `Name` varchar(64) NOT NULL,
  `Surname` varchar(64) NOT NULL,
  `PassportNumber` varchar(32) NOT NULL,
  `IssuedDate` date NOT NULL,
  `ValidTill` date NOT NULL,
  `BirthDate` date NOT NULL,
  PRIMARY KEY (`ID`),
  KEY `IdentityID` (`ApplicantID`),
  CONSTRAINT `children_ibfk_1` FOREIGN KEY (`ApplicantID`) REFERENCES `applicant` (`ID`) ON DELETE CASCADE
) ENGINE=InnoDB DEFAULT CHARSET=latin1;
/*!40101 SET character_set_client = @saved_cs_client */;

--
-- Dumping data for table `children`
--

LOCK TABLES `children` WRITE;
/*!40000 ALTER TABLE `children` DISABLE KEYS */;
/*!40000 ALTER TABLE `children` ENABLE KEYS */;
UNLOCK TABLES;

--
-- Table structure for table `community`
--

DROP TABLE IF EXISTS `community`;
/*!40101 SET @saved_cs_client     = @@character_set_client */;
/*!40101 SET character_set_client = utf8 */;
CREATE TABLE `community` (
  `ID` int(11) NOT NULL AUTO_INCREMENT,
  `Name` varchar(64) NOT NULL,
  PRIMARY KEY (`ID`),
  UNIQUE KEY `Name` (`Name`)
) ENGINE=InnoDB AUTO_INCREMENT=113 DEFAULT CHARSET=latin1;
/*!40101 SET character_set_client = @saved_cs_client */;

--
-- Dumping data for table `community`
--

LOCK TABLES `community` WRITE;
/*!40000 ALTER TABLE `community` DISABLE KEYS */;
INSERT INTO `community` VALUES (1,'Acceptance'),(2,'Adventure '),(3,'Agni Jata'),(4,'Akashwa'),(5,'Ami'),(6,'Annapurna '),(7,'Antakarana'),(8,'Anusuya'),(9,'Aranya'),(10,'Arati'),(11,'Arc en Ciel'),(12,'Arka '),(13,'Arya'),(14,'Aspiration'),(15,'Auro-Orchard'),(16,'AuroAnnam'),(17,'Aurobrindavan'),(18,'Aurodam'),(19,'Aurogreen '),(20,'Auromodele'),(21,'Bliss'),(22,'Buddha Garden '),(23,'Celebration'),(24,'Center Field'),(25,'Certitude'),(26,'Courage'),(27,'Creativity '),(28,'Dana'),(29,'Darkali'),(30,'Discipline'),(31,'Djaima'),(32,'Douceur'),(33,'Eternity'),(34,'Evergreen'),(35,'Existence'),(36,'Felicity'),(37,'Fertile'),(38,'Fertile East'),(39,'Fertile Forest '),(40,'Fertile Windmill'),(41,'Forecomers'),(42,'Fraternity '),(43,'Gaia'),(44,'Gaia\'s Garden'),(45,'Gokulam'),(46,'Grace '),(47,'Gratitude'),(48,'Halcyon'),(49,'Hermitage'),(50,'Hope '),(51,'Horizon'),(52,'Invocation'),(53,'Isaiambalam'),(54,'Jardin De Mere'),(55,'Kalabhumi'),(56,'Kottakarai Farm'),(57,'Kottakarai Orchard Pony Farm'),(58,'La Ferme'),(59,'Light'),(60,'Line of Force'),(61,'Madhuca'),(62,'Matrimandir Nursery'),(63,'Meadow'),(64,'Minati'),(65,'New Creation'),(66,'New Lands '),(67,'Nilatangham'),(68,'Nine Palms'),(69,'Petite Ferme'),(70,'Pitchandikulam'),(71,'Prarthna'),(72,'Prayatna'),(73,'Promesse'),(74,'Protection'),(75,'Pump House'),(76,'Quiet '),(77,'Ravena'),(78,'Recueillement'),(79,'Repos'),(80,'Reve'),(81,'Revelation'),(82,'Sadhana Forest '),(83,'Samarpan  '),(84,'Samasti'),(85,'Samriddhi '),(86,'Sangha'),(87,'Service Farm'),(88,'Shailam'),(89,'Shakti'),(90,'Shakti Loka'),(91,'Shanti'),(92,'Sharnga'),(93,'Siddhartha Farm '),(94,'Silence'),(95,'Simplicity'),(96,'Sincerity'),(97,'Slancio'),(98,'Solitude '),(99,'Sri Ma'),(100,'Success'),(101,'Sukhavati '),(102,'Surrender'),(103,'Sve Dame '),(104,'Transformation'),(105,'Two Banyan'),(106,'Utility'),(107,'Vérité'),(108,'Victory'),(109,'Vikas'),(110,'Windarra '),(111,'Yantra'),(112,'Youth Camp');
/*!40000 ALTER TABLE `community` ENABLE KEYS */;
UNLOCK TABLES;

--
-- Table structure for table `contact`
--

DROP TABLE IF EXISTS `contact`;
/*!40101 SET @saved_cs_client     = @@character_set_client */;
/*!40101 SET character_set_client = utf8 */;
CREATE TABLE `contact` (
  `ID` int(11) NOT NULL AUTO_INCREMENT,
  `ApplicantID` int(11) NOT NULL,
  `Category` enum('Self','Emergency','Home','Contact Person','None') NOT NULL,
  `Relationship` enum('None','Partner','Family','Friend') DEFAULT NULL,
  `Name` varchar(64) DEFAULT NULL,
  `Surname` varchar(64) DEFAULT NULL,
  `Address` varchar(128) DEFAULT NULL,
  `CountryID` int(11) NOT NULL,
  PRIMARY KEY (`ID`),
  KEY `IdentityID` (`ApplicantID`),
  KEY `CountryID` (`CountryID`),
  CONSTRAINT `contact_ibfk_1` FOREIGN KEY (`ApplicantID`) REFERENCES `applicant` (`ID`) ON DELETE CASCADE,
  CONSTRAINT `contact_ibfk_2` FOREIGN KEY (`CountryID`) REFERENCES `nationality` (`ID`)
) ENGINE=InnoDB DEFAULT CHARSET=latin1;
/*!40101 SET character_set_client = @saved_cs_client */;

--
-- Dumping data for table `contact`
--

LOCK TABLES `contact` WRITE;
/*!40000 ALTER TABLE `contact` DISABLE KEYS */;
/*!40000 ALTER TABLE `contact` ENABLE KEYS */;
UNLOCK TABLES;

--
-- Table structure for table `details`
--

DROP TABLE IF EXISTS `details`;
/*!40101 SET @saved_cs_client     = @@character_set_client */;
/*!40101 SET character_set_client = utf8 */;
CREATE TABLE `details` (
  `ID` int(11) NOT NULL AUTO_INCREMENT,
  `ApplicantID` int(11) NOT NULL,
  `Description` varchar(32) NOT NULL,
  `DetailType` enum('Work','Residence') NOT NULL,
  `FromDate` date NOT NULL,
  `ToDate` date NOT NULL,
  `Notes` text NOT NULL,
  PRIMARY KEY (`ID`),
  KEY `WorkPlace` (`Description`),
  KEY `ContactID` (`ApplicantID`),
  KEY `DetailType` (`DetailType`),
  CONSTRAINT `details_ibfk_1` FOREIGN KEY (`ApplicantID`) REFERENCES `applicant` (`ID`)
) ENGINE=InnoDB DEFAULT CHARSET=latin1;
/*!40101 SET character_set_client = @saved_cs_client */;

--
-- Dumping data for table `details`
--

LOCK TABLES `details` WRITE;
/*!40000 ALTER TABLE `details` DISABLE KEYS */;
/*!40000 ALTER TABLE `details` ENABLE KEYS */;
UNLOCK TABLES;

--
-- Table structure for table `extension`
--

DROP TABLE IF EXISTS `extension`;
/*!40101 SET @saved_cs_client     = @@character_set_client */;
/*!40101 SET character_set_client = utf8 */;
CREATE TABLE `extension` (
  `ID` int(11) NOT NULL AUTO_INCREMENT,
  `ApplicantID` int(11) NOT NULL,
  `StatusID` int(11) NOT NULL,
  `ExtendedOn` date NOT NULL,
  `ExtendedFor` smallint(6) NOT NULL,
  `ExtendedPeriod` enum('Days','Weeks','Months','Years') NOT NULL,
  PRIMARY KEY (`ID`),
  KEY `IdentityID` (`ApplicantID`),
  KEY `StatusID` (`StatusID`),
  CONSTRAINT `extension_ibfk_1` FOREIGN KEY (`ApplicantID`) REFERENCES `applicant` (`ID`) ON DELETE CASCADE
) ENGINE=InnoDB DEFAULT CHARSET=latin1;
/*!40101 SET character_set_client = @saved_cs_client */;

--
-- Dumping data for table `extension`
--

LOCK TABLES `extension` WRITE;
/*!40000 ALTER TABLE `extension` DISABLE KEYS */;
/*!40000 ALTER TABLE `extension` ENABLE KEYS */;
UNLOCK TABLES;

--
-- Table structure for table `indianID`
--

DROP TABLE IF EXISTS `indianID`;
/*!40101 SET @saved_cs_client     = @@character_set_client */;
/*!40101 SET character_set_client = utf8 */;
CREATE TABLE `indianID` (
  `ID` int(11) NOT NULL AUTO_INCREMENT,
  `TypeID` enum('Voter ID','Driver License','Transfer Certificate','Birth Certificate','Passport','Ration Card') NOT NULL,
  `Number` varchar(32) NOT NULL,
  `IssuedDate` date NOT NULL,
  `ValidTill` date NOT NULL,
  PRIMARY KEY (`ID`),
  UNIQUE KEY `Number` (`Number`),
  KEY `TypeID` (`TypeID`)
) ENGINE=InnoDB DEFAULT CHARSET=latin1;
/*!40101 SET character_set_client = @saved_cs_client */;

--
-- Dumping data for table `indianID`
--

LOCK TABLES `indianID` WRITE;
/*!40000 ALTER TABLE `indianID` DISABLE KEYS */;
/*!40000 ALTER TABLE `indianID` ENABLE KEYS */;
UNLOCK TABLES;

--
-- Table structure for table `interview`
--

DROP TABLE IF EXISTS `interview`;
/*!40101 SET @saved_cs_client     = @@character_set_client */;
/*!40101 SET character_set_client = utf8 */;
CREATE TABLE `interview` (
  `ID` int(11) NOT NULL AUTO_INCREMENT,
  `ApplicantID` int(11) NOT NULL,
  `DateInterviewed` date NOT NULL,
  `Title` varchar(128) NOT NULL,
  `Present` varchar(128) NOT NULL,
  `Interview` text NOT NULL,
  PRIMARY KEY (`ID`),
  KEY `DateInterviewed` (`DateInterviewed`),
  KEY `ApplicantID` (`ApplicantID`),
  CONSTRAINT `interview_ibfk_1` FOREIGN KEY (`ApplicantID`) REFERENCES `applicant` (`ID`) ON DELETE CASCADE
) ENGINE=InnoDB DEFAULT CHARSET=latin1;
/*!40101 SET character_set_client = @saved_cs_client */;

--
-- Dumping data for table `interview`
--

LOCK TABLES `interview` WRITE;
/*!40000 ALTER TABLE `interview` DISABLE KEYS */;
/*!40000 ALTER TABLE `interview` ENABLE KEYS */;
UNLOCK TABLES;

--
-- Table structure for table `meeting`
--

DROP TABLE IF EXISTS `meeting`;
/*!40101 SET @saved_cs_client     = @@character_set_client */;
/*!40101 SET character_set_client = utf8 */;
CREATE TABLE `meeting` (
  `ID` int(11) NOT NULL AUTO_INCREMENT,
  `Category` enum('Internal','Public') NOT NULL,
  `Title` varchar(128) NOT NULL,
  `MeetingDate` date NOT NULL,
  `Content` text NOT NULL,
  PRIMARY KEY (`ID`),
  KEY `Category` (`Category`,`MeetingDate`)
) ENGINE=InnoDB DEFAULT CHARSET=latin1;
/*!40101 SET character_set_client = @saved_cs_client */;

--
-- Dumping data for table `meeting`
--

LOCK TABLES `meeting` WRITE;
/*!40000 ALTER TABLE `meeting` DISABLE KEYS */;
/*!40000 ALTER TABLE `meeting` ENABLE KEYS */;
UNLOCK TABLES;

--
-- Table structure for table `meeting_member`
--

DROP TABLE IF EXISTS `meeting_member`;
/*!40101 SET @saved_cs_client     = @@character_set_client */;
/*!40101 SET character_set_client = utf8 */;
CREATE TABLE `meeting_member` (
  `meetingID` int(11) NOT NULL,
  `memberID` int(11) NOT NULL,
  UNIQUE KEY `meetingID` (`meetingID`,`memberID`),
  KEY `memberID` (`memberID`),
  CONSTRAINT `meeting_member_ibfk_1` FOREIGN KEY (`meetingID`) REFERENCES `meeting` (`ID`) ON DELETE CASCADE,
  CONSTRAINT `meeting_member_ibfk_2` FOREIGN KEY (`memberID`) REFERENCES `member` (`ID`) ON DELETE CASCADE
) ENGINE=InnoDB DEFAULT CHARSET=latin1;
/*!40101 SET character_set_client = @saved_cs_client */;

--
-- Dumping data for table `meeting_member`
--

LOCK TABLES `meeting_member` WRITE;
/*!40000 ALTER TABLE `meeting_member` DISABLE KEYS */;
/*!40000 ALTER TABLE `meeting_member` ENABLE KEYS */;
UNLOCK TABLES;

--
-- Table structure for table `member`
--

DROP TABLE IF EXISTS `member`;
/*!40101 SET @saved_cs_client     = @@character_set_client */;
/*!40101 SET character_set_client = utf8 */;
CREATE TABLE `member` (
  `ID` int(11) NOT NULL AUTO_INCREMENT,
  `Name` varchar(64) NOT NULL,
  `Surname` varchar(64) NOT NULL,
  `Email` varchar(32) NOT NULL,
  `Phone` varchar(16) NOT NULL,
  `FromDate` date NOT NULL,
  `ToDate` date DEFAULT NULL,
  `ReceiveEmail` smallint(1) NOT NULL DEFAULT '0',
  PRIMARY KEY (`ID`),
  UNIQUE KEY `Name` (`Name`,`Surname`)
) ENGINE=InnoDB AUTO_INCREMENT=6 DEFAULT CHARSET=latin1;
/*!40101 SET character_set_client = @saved_cs_client */;

--
-- Dumping data for table `member`
--

LOCK TABLES `member` WRITE;
/*!40000 ALTER TABLE `member` DISABLE KEYS */;
INSERT INTO `member` VALUES (2,'Ishita','Xavier','Ishita@auroville.org.in','9933188773','2014-03-18',NULL,1),(4,'Kripa','Pion','kripa@auroville.org.in','9087876542','2012-04-02',NULL,1),(5,'chitra','Babu','chitragnanam72@gmail.com','9842673937','2014-01-01',NULL,0);
/*!40000 ALTER TABLE `member` ENABLE KEYS */;
UNLOCK TABLES;

--
-- Table structure for table `milestone`
--

DROP TABLE IF EXISTS `milestone`;
/*!40101 SET @saved_cs_client     = @@character_set_client */;
/*!40101 SET character_set_client = utf8 */;
CREATE TABLE `milestone` (
  `ID` int(11) NOT NULL AUTO_INCREMENT,
  `MilestoneCategoryID` int(11) NOT NULL,
  `Description` varchar(128) NOT NULL,
  `TimelineInterval` smallint(6) NOT NULL,
  `TimelinePeriod` enum('Days','Weeks','Months','Years') NOT NULL,
  `SendEmail` tinyint(1) NOT NULL,
  `EmailText` text NOT NULL,
  `Alert` tinyint(1) NOT NULL,
  `AlertInterval` smallint(11) NOT NULL,
  `AlertPeriod` enum('Days','Weeks','Months','Years') NOT NULL,
  `RepeatAlert` tinyint(1) NOT NULL,
  `IsAlerted` tinyint(1) NOT NULL,
  `IsActive` tinyint(1) NOT NULL,
  `IsDefault` tinyint(1) NOT NULL,
  PRIMARY KEY (`ID`),
  KEY `MilestoneCategoryID` (`MilestoneCategoryID`),
  CONSTRAINT `milestone_ibfk_1` FOREIGN KEY (`MilestoneCategoryID`) REFERENCES `milestone_category` (`ID`)
) ENGINE=InnoDB AUTO_INCREMENT=10 DEFAULT CHARSET=latin1;
/*!40101 SET character_set_client = @saved_cs_client */;

--
-- Dumping data for table `milestone`
--

LOCK TABLES `milestone` WRITE;
/*!40000 ALTER TABLE `milestone` DISABLE KEYS */;
INSERT INTO `milestone` VALUES (1,1,'Financial Agreement',2,'Weeks',0,'',1,1,'Weeks',1,0,1,1),(2,1,'Housing Agreement',2,'Weeks',1,'',1,2,'Weeks',1,0,1,1),(3,1,'Health Fund',2,'Weeks',1,'',1,2,'Weeks',1,0,1,1),(4,1,'Aspiration Programme',2,'Weeks',1,'',1,2,'Weeks',1,0,1,1),(5,1,'Contact Person',2,'Weeks',1,'',1,2,'Weeks',1,0,1,1),(6,2,'Self Assessment',6,'Months',1,'',1,2,'Weeks',1,0,1,1),(7,2,'Contact Person Report',6,'Months',1,'',1,2,'Weeks',1,0,1,1),(8,3,'Touch Base',9,'Months',1,'',1,2,'Weeks',1,0,1,1),(9,2,'Signed B-Form',1,'Weeks',1,'',1,1,'Weeks',1,0,1,1);
/*!40000 ALTER TABLE `milestone` ENABLE KEYS */;
UNLOCK TABLES;

--
-- Table structure for table `milestone_category`
--

DROP TABLE IF EXISTS `milestone_category`;
/*!40101 SET @saved_cs_client     = @@character_set_client */;
/*!40101 SET character_set_client = utf8 */;
CREATE TABLE `milestone_category` (
  `ID` int(11) NOT NULL AUTO_INCREMENT,
  `StatusID` int(11) NOT NULL,
  `Description` varchar(64) NOT NULL,
  `Position` smallint(6) NOT NULL,
  PRIMARY KEY (`ID`),
  UNIQUE KEY `Description` (`Description`),
  KEY `Position` (`Position`),
  KEY `statusID` (`StatusID`),
  CONSTRAINT `milestone_category_ibfk_1` FOREIGN KEY (`StatusID`) REFERENCES `status` (`ID`),
  CONSTRAINT `milestone_category_ibfk_2` FOREIGN KEY (`StatusID`) REFERENCES `status` (`ID`)
) ENGINE=InnoDB AUTO_INCREMENT=7 DEFAULT CHARSET=latin1;
/*!40101 SET character_set_client = @saved_cs_client */;

--
-- Dumping data for table `milestone_category`
--

LOCK TABLES `milestone_category` WRITE;
/*!40000 ALTER TABLE `milestone_category` DISABLE KEYS */;
INSERT INTO `milestone_category` VALUES (1,3,'NC Kit',1),(2,3,'6 months',2),(3,3,'9 months',3),(4,1,'General',1),(5,7,'Announcement',1),(6,7,'Accepted',2);
/*!40000 ALTER TABLE `milestone_category` ENABLE KEYS */;
UNLOCK TABLES;

--
-- Table structure for table `nationality`
--

DROP TABLE IF EXISTS `nationality`;
/*!40101 SET @saved_cs_client     = @@character_set_client */;
/*!40101 SET character_set_client = utf8 */;
CREATE TABLE `nationality` (
  `ID` int(5) NOT NULL AUTO_INCREMENT,
  `Code` char(2) NOT NULL DEFAULT '',
  `Nationality` varchar(45) NOT NULL DEFAULT '',
  `Currency` char(3) DEFAULT NULL,
  `Capital` varchar(30) DEFAULT NULL,
  `Continent` varchar(15) DEFAULT NULL,
  PRIMARY KEY (`ID`)
) ENGINE=InnoDB AUTO_INCREMENT=251 DEFAULT CHARSET=utf8;
/*!40101 SET character_set_client = @saved_cs_client */;

--
-- Dumping data for table `nationality`
--

LOCK TABLES `nationality` WRITE;
/*!40000 ALTER TABLE `nationality` DISABLE KEYS */;
INSERT INTO `nationality` VALUES (1,'AD','Andorra','EUR','Andorra la Vella','Europe'),(2,'AE','United Arab Emirates','AED','Abu Dhabi','Asia'),(3,'AF','Afghanistan','AFN','Kabul','Asia'),(4,'AG','Antigua and Barbuda','XCD','St. John\'s','North America'),(5,'AI','Anguilla','XCD','The Valley','North America'),(6,'AL','Albania','ALL','Tirana','Europe'),(7,'AM','Armenia','AMD','Yerevan','Asia'),(8,'AO','Angola','AOA','Luanda','Africa'),(9,'AQ','Antarctica','','','Antarctica'),(10,'AR','Argentina','ARS','Buenos Aires','South America'),(11,'AS','American Samoa','USD','Pago Pago','Oceania'),(12,'AT','Austria','EUR','Vienna','Europe'),(13,'AU','Australia','AUD','Canberra','Oceania'),(14,'AW','Aruba','AWG','Oranjestad','North America'),(15,'AX','Åland','EUR','Mariehamn','Europe'),(16,'AZ','Azerbaijan','AZN','Baku','Asia'),(17,'BA','Bosnia and Herzegovina','BAM','Sarajevo','Europe'),(18,'BB','Barbados','BBD','Bridgetown','North America'),(19,'BD','Bangladesh','BDT','Dhaka','Asia'),(20,'BE','Belgium','EUR','Brussels','Europe'),(21,'BF','Burkina Faso','XOF','Ouagadougou','Africa'),(22,'BG','Bulgaria','BGN','Sofia','Europe'),(23,'BH','Bahrain','BHD','Manama','Asia'),(24,'BI','Burundi','BIF','Bujumbura','Africa'),(25,'BJ','Benin','XOF','Porto-Novo','Africa'),(26,'BL','Saint Barthélemy','EUR','Gustavia','North America'),(27,'BM','Bermuda','BMD','Hamilton','North America'),(28,'BN','Brunei','BND','Bandar Seri Begawan','Asia'),(29,'BO','Bolivia','BOB','Sucre','South America'),(30,'BQ','Bonaire','USD','','North America'),(31,'BR','Brazil','BRL','Brasília','South America'),(32,'BS','Bahamas','BSD','Nassau','North America'),(33,'BT','Bhutan','BTN','Thimphu','Asia'),(34,'BV','Bouvet Island','NOK','','Antarctica'),(35,'BW','Botswana','BWP','Gaborone','Africa'),(36,'BY','Belarus','BYR','Minsk','Europe'),(37,'BZ','Belize','BZD','Belmopan','North America'),(38,'CA','Canada','CAD','Ottawa','North America'),(39,'CC','Cocos [Keeling] Islands','AUD','West Island','Asia'),(40,'CD','Democratic Republic of the Congo','CDF','Kinshasa','Africa'),(41,'CF','Central African Republic','XAF','Bangui','Africa'),(42,'CG','Republic of the Congo','XAF','Brazzaville','Africa'),(43,'CH','Switzerland','CHF','Berne','Europe'),(44,'CI','Ivory Coast','XOF','Yamoussoukro','Africa'),(45,'CK','Cook Islands','NZD','Avarua','Oceania'),(46,'CL','Chile','CLP','Santiago','South America'),(47,'CM','Cameroon','XAF','Yaoundé','Africa'),(48,'CN','China','CNY','Beijing','Asia'),(49,'CO','Colombia','COP','Bogotá','South America'),(50,'CR','Costa Rica','CRC','San José','North America'),(51,'CU','Cuba','CUP','Havana','North America'),(52,'CV','Cape Verde','CVE','Praia','Africa'),(53,'CW','Curacao','ANG','Willemstad','North America'),(54,'CX','Christmas Island','AUD','The Settlement','Asia'),(55,'CY','Cyprus','EUR','Nicosia','Europe'),(56,'CZ','Czechia','CZK','Prague','Europe'),(57,'DE','Germany','EUR','Berlin','Europe'),(58,'DJ','Djibouti','DJF','Djibouti','Africa'),(59,'DK','Denmark','DKK','Copenhagen','Europe'),(60,'DM','Dominica','XCD','Roseau','North America'),(61,'DO','Dominican Republic','DOP','Santo Domingo','North America'),(62,'DZ','Algeria','DZD','Algiers','Africa'),(63,'EC','Ecuador','USD','Quito','South America'),(64,'EE','Estonia','EUR','Tallinn','Europe'),(65,'EG','Egypt','EGP','Cairo','Africa'),(66,'EH','Western Sahara','MAD','El Aaiún','Africa'),(67,'ER','Eritrea','ERN','Asmara','Africa'),(68,'ES','Spain','EUR','Madrid','Europe'),(69,'ET','Ethiopia','ETB','Addis Ababa','Africa'),(70,'FI','Finland','EUR','Helsinki','Europe'),(71,'FJ','Fiji','FJD','Suva','Oceania'),(72,'FK','Falkland Islands','FKP','Stanley','South America'),(73,'FM','Micronesia','USD','Palikir','Oceania'),(74,'FO','Faroe Islands','DKK','Tórshavn','Europe'),(75,'FR','France','EUR','Paris','Europe'),(76,'GA','Gabon','XAF','Libreville','Africa'),(77,'GB','United Kingdom','GBP','London','Europe'),(78,'GD','Grenada','XCD','St. George\'s','North America'),(79,'GE','Georgia','GEL','Tbilisi','Asia'),(80,'GF','French Guiana','EUR','Cayenne','South America'),(81,'GG','Guernsey','GBP','St Peter Port','Europe'),(82,'GH','Ghana','GHS','Accra','Africa'),(83,'GI','Gibraltar','GIP','Gibraltar','Europe'),(84,'GL','Greenland','DKK','Nuuk','North America'),(85,'GM','Gambia','GMD','Banjul','Africa'),(86,'GN','Guinea','GNF','Conakry','Africa'),(87,'GP','Guadeloupe','EUR','Basse-Terre','North America'),(88,'GQ','Equatorial Guinea','XAF','Malabo','Africa'),(89,'GR','Greece','EUR','Athens','Europe'),(90,'GS','South Georgia and the South Sandwich Islands','GBP','Grytviken','Antarctica'),(91,'GT','Guatemala','GTQ','Guatemala City','North America'),(92,'GU','Guam','USD','Hagåtña','Oceania'),(93,'GW','Guinea-Bissau','XOF','Bissau','Africa'),(94,'GY','Guyana','GYD','Georgetown','South America'),(95,'HK','Hong Kong','HKD','Hong Kong','Asia'),(96,'HM','Heard Island and McDonald Islands','AUD','','Antarctica'),(97,'HN','Honduras','HNL','Tegucigalpa','North America'),(98,'HR','Croatia','HRK','Zagreb','Europe'),(99,'HT','Haiti','HTG','Port-au-Prince','North America'),(100,'HU','Hungary','HUF','Budapest','Europe'),(101,'ID','Indonesia','IDR','Jakarta','Asia'),(102,'IE','Ireland','EUR','Dublin','Europe'),(103,'IL','Israel','ILS','','Asia'),(104,'IM','Isle of Man','GBP','Douglas','Europe'),(105,'IN','India','INR','New Delhi','Asia'),(106,'IO','British Indian Ocean Territory','USD','','Asia'),(107,'IQ','Iraq','IQD','Baghdad','Asia'),(108,'IR','Iran','IRR','Tehran','Asia'),(109,'IS','Iceland','ISK','Reykjavik','Europe'),(110,'IT','Italy','EUR','Rome','Europe'),(111,'JE','Jersey','GBP','Saint Helier','Europe'),(112,'JM','Jamaica','JMD','Kingston','North America'),(113,'JO','Jordan','JOD','Amman','Asia'),(114,'JP','Japan','JPY','Tokyo','Asia'),(115,'KE','Kenya','KES','Nairobi','Africa'),(116,'KG','Kyrgyzstan','KGS','Bishkek','Asia'),(117,'KH','Cambodia','KHR','Phnom Penh','Asia'),(118,'KI','Kiribati','AUD','Tarawa','Oceania'),(119,'KM','Comoros','KMF','Moroni','Africa'),(120,'KN','Saint Kitts and Nevis','XCD','Basseterre','North America'),(121,'KP','North Korea','KPW','Pyongyang','Asia'),(122,'KR','South Korea','KRW','Seoul','Asia'),(123,'KW','Kuwait','KWD','Kuwait City','Asia'),(124,'KY','Cayman Islands','KYD','George Town','North America'),(125,'KZ','Kazakhstan','KZT','Astana','Asia'),(126,'LA','Laos','LAK','Vientiane','Asia'),(127,'LB','Lebanon','LBP','Beirut','Asia'),(128,'LC','Saint Lucia','XCD','Castries','North America'),(129,'LI','Liechtenstein','CHF','Vaduz','Europe'),(130,'LK','Sri Lanka','LKR','Colombo','Asia'),(131,'LR','Liberia','LRD','Monrovia','Africa'),(132,'LS','Lesotho','LSL','Maseru','Africa'),(133,'LT','Lithuania','LTL','Vilnius','Europe'),(134,'LU','Luxembourg','EUR','Luxembourg','Europe'),(135,'LV','Latvia','LVL','Riga','Europe'),(136,'LY','Libya','LYD','Tripoli','Africa'),(137,'MA','Morocco','MAD','Rabat','Africa'),(138,'MC','Monaco','EUR','Monaco','Europe'),(139,'MD','Moldova','MDL','Chişinău','Europe'),(140,'ME','Montenegro','EUR','Podgorica','Europe'),(141,'MF','Saint Martin','EUR','Marigot','North America'),(142,'MG','Madagascar','MGA','Antananarivo','Africa'),(143,'MH','Marshall Islands','USD','Majuro','Oceania'),(144,'MK','Macedonia','MKD','Skopje','Europe'),(145,'ML','Mali','XOF','Bamako','Africa'),(146,'MM','Myanmar [Burma]','MMK','Nay Pyi Taw','Asia'),(147,'MN','Mongolia','MNT','Ulan Bator','Asia'),(148,'MO','Macao','MOP','Macao','Asia'),(149,'MP','Northern Mariana Islands','USD','Saipan','Oceania'),(150,'MQ','Martinique','EUR','Fort-de-France','North America'),(151,'MR','Mauritania','MRO','Nouakchott','Africa'),(152,'MS','Montserrat','XCD','Plymouth','North America'),(153,'MT','Malta','EUR','Valletta','Europe'),(154,'MU','Mauritius','MUR','Port Louis','Africa'),(155,'MV','Maldives','MVR','Malé','Asia'),(156,'MW','Malawi','MWK','Lilongwe','Africa'),(157,'MX','Mexico','MXN','Mexico City','North America'),(158,'MY','Malaysia','MYR','Kuala Lumpur','Asia'),(159,'MZ','Mozambique','MZN','Maputo','Africa'),(160,'NA','Namibia','NAD','Windhoek','Africa'),(161,'NC','New Caledonia','XPF','Noumea','Oceania'),(162,'NE','Niger','XOF','Niamey','Africa'),(163,'NF','Norfolk Island','AUD','Kingston','Oceania'),(164,'NG','Nigeria','NGN','Abuja','Africa'),(165,'NI','Nicaragua','NIO','Managua','North America'),(166,'NL','Netherlands','EUR','Amsterdam','Europe'),(167,'NO','Norway','NOK','Oslo','Europe'),(168,'NP','Nepal','NPR','Kathmandu','Asia'),(169,'NR','Nauru','AUD','','Oceania'),(170,'NU','Niue','NZD','Alofi','Oceania'),(171,'NZ','New Zealand','NZD','Wellington','Oceania'),(172,'OM','Oman','OMR','Muscat','Asia'),(173,'PA','Panama','PAB','Panama City','North America'),(174,'PE','Peru','PEN','Lima','South America'),(175,'PF','French Polynesia','XPF','Papeete','Oceania'),(176,'PG','Papua New Guinea','PGK','Port Moresby','Oceania'),(177,'PH','Philippines','PHP','Manila','Asia'),(178,'PK','Pakistan','PKR','Islamabad','Asia'),(179,'PL','Poland','PLN','Warsaw','Europe'),(180,'PM','Saint Pierre and Miquelon','EUR','Saint-Pierre','North America'),(181,'PN','Pitcairn Islands','NZD','Adamstown','Oceania'),(182,'PR','Puerto Rico','USD','San Juan','North America'),(183,'PS','Palestine','ILS','','Asia'),(184,'PT','Portugal','EUR','Lisbon','Europe'),(185,'PW','Palau','USD','Melekeok - Palau State Capital','Oceania'),(186,'PY','Paraguay','PYG','Asunción','South America'),(187,'QA','Qatar','QAR','Doha','Asia'),(188,'RE','Réunion','EUR','Saint-Denis','Africa'),(189,'RO','Romania','RON','Bucharest','Europe'),(190,'RS','Serbia','RSD','Belgrade','Europe'),(191,'RU','Russia','RUB','Moscow','Europe'),(192,'RW','Rwanda','RWF','Kigali','Africa'),(193,'SA','Saudi Arabia','SAR','Riyadh','Asia'),(194,'SB','Solomon Islands','SBD','Honiara','Oceania'),(195,'SC','Seychelles','SCR','Victoria','Africa'),(196,'SD','Sudan','SDG','Khartoum','Africa'),(197,'SE','Sweden','SEK','Stockholm','Europe'),(198,'SG','Singapore','SGD','Singapore','Asia'),(199,'SH','Saint Helena','SHP','Jamestown','Africa'),(200,'SI','Slovenia','EUR','Ljubljana','Europe'),(201,'SJ','Svalbard and Jan Mayen','NOK','Longyearbyen','Europe'),(202,'SK','Slovakia','EUR','Bratislava','Europe'),(203,'SL','Sierra Leone','SLL','Freetown','Africa'),(204,'SM','San Marino','EUR','San Marino','Europe'),(205,'SN','Senegal','XOF','Dakar','Africa'),(206,'SO','Somalia','SOS','Mogadishu','Africa'),(207,'SR','Suriname','SRD','Paramaribo','South America'),(208,'SS','South Sudan','SSP','Juba','Africa'),(209,'ST','São Tomé and Príncipe','STD','São Tomé','Africa'),(210,'SV','El Salvador','USD','San Salvador','North America'),(211,'SX','Sint Maarten','ANG','Philipsburg','North America'),(212,'SY','Syria','SYP','Damascus','Asia'),(213,'SZ','Swaziland','SZL','Mbabane','Africa'),(214,'TC','Turks and Caicos Islands','USD','Cockburn Town','North America'),(215,'TD','Chad','XAF','N\'Djamena','Africa'),(216,'TF','French Southern Territories','EUR','Port-aux-Français','Antarctica'),(217,'TG','Togo','XOF','Lomé','Africa'),(218,'TH','Thailand','THB','Bangkok','Asia'),(219,'TJ','Tajikistan','TJS','Dushanbe','Asia'),(220,'TK','Tokelau','NZD','','Oceania'),(221,'TL','East Timor','USD','Dili','Oceania'),(222,'TM','Turkmenistan','TMT','Ashgabat','Asia'),(223,'TN','Tunisia','TND','Tunis','Africa'),(224,'TO','Tonga','TOP','Nuku\'alofa','Oceania'),(225,'TR','Turkey','TRY','Ankara','Asia'),(226,'TT','Trinidad and Tobago','TTD','Port of Spain','North America'),(227,'TV','Tuvalu','AUD','Funafuti','Oceania'),(228,'TW','Taiwan','TWD','Taipei','Asia'),(229,'TZ','Tanzania','TZS','Dodoma','Africa'),(230,'UA','Ukraine','UAH','Kyiv','Europe'),(231,'UG','Uganda','UGX','Kampala','Africa'),(232,'UM','U.S. Minor Outlying Islands','USD','','Oceania'),(233,'US','United States','USD','Washington','North America'),(234,'UY','Uruguay','UYU','Montevideo','South America'),(235,'UZ','Uzbekistan','UZS','Tashkent','Asia'),(236,'VA','Vatican City','EUR','Vatican','Europe'),(237,'VC','Saint Vincent and the Grenadines','XCD','Kingstown','North America'),(238,'VE','Venezuela','VEF','Caracas','South America'),(239,'VG','British Virgin Islands','USD','Road Town','North America'),(240,'VI','U.S. Virgin Islands','USD','Charlotte Amalie','North America'),(241,'VN','Vietnam','VND','Hanoi','Asia'),(242,'VU','Vanuatu','VUV','Port Vila','Oceania'),(243,'WF','Wallis and Futuna','XPF','Mata-Utu','Oceania'),(244,'WS','Samoa','WST','Apia','Oceania'),(245,'XK','Kosovo','EUR','Pristina','Europe'),(246,'YE','Yemen','YER','Sanaa','Asia'),(247,'YT','Mayotte','EUR','Mamoutzou','Africa'),(248,'ZA','South Africa','ZAR','Pretoria','Africa'),(249,'ZM','Zambia','ZMK','Lusaka','Africa'),(250,'ZW','Zimbabwe','ZWL','Harare','Africa');
/*!40000 ALTER TABLE `nationality` ENABLE KEYS */;
UNLOCK TABLES;

--
-- Table structure for table `passport`
--

DROP TABLE IF EXISTS `passport`;
/*!40101 SET @saved_cs_client     = @@character_set_client */;
/*!40101 SET character_set_client = utf8 */;
CREATE TABLE `passport` (
  `ID` int(11) NOT NULL AUTO_INCREMENT,
  `PassportNumber` varchar(32) NOT NULL,
  `IssuedDate` date NOT NULL,
  `ValidTill` date NOT NULL,
  `IssuedBy` varchar(32) NOT NULL,
  PRIMARY KEY (`ID`),
  KEY `PassportNumber` (`PassportNumber`)
) ENGINE=InnoDB AUTO_INCREMENT=5 DEFAULT CHARSET=latin1;
/*!40101 SET character_set_client = @saved_cs_client */;

--
-- Dumping data for table `passport`
--

LOCK TABLES `passport` WRITE;
/*!40000 ALTER TABLE `passport` DISABLE KEYS */;
INSERT INTO `passport` VALUES (1,'EP1972213','2012-03-21','2017-03-20','main department for immigration '),(2,'N7304895','2013-01-10','2023-01-10','Australia'),(3,'BB091049','2007-03-19','2017-03-19','Spain'),(4,'EX679390','2013-11-24','2023-10-24','Ukraine');
/*!40000 ALTER TABLE `passport` ENABLE KEYS */;
UNLOCK TABLES;

--
-- Table structure for table `profiles`
--

DROP TABLE IF EXISTS `profiles`;
/*!40101 SET @saved_cs_client     = @@character_set_client */;
/*!40101 SET character_set_client = utf8 */;
CREATE TABLE `profiles` (
  `user_id` int(11) NOT NULL AUTO_INCREMENT,
  `first_name` varchar(255) DEFAULT NULL,
  `last_name` varchar(255) DEFAULT NULL,
  PRIMARY KEY (`user_id`)
) ENGINE=InnoDB AUTO_INCREMENT=6 DEFAULT CHARSET=utf8;
/*!40101 SET character_set_client = @saved_cs_client */;

--
-- Dumping data for table `profiles`
--

LOCK TABLES `profiles` WRITE;
/*!40000 ALTER TABLE `profiles` DISABLE KEYS */;
INSERT INTO `profiles` VALUES (1,'Administrator','Admin'),(2,'Kripa','Borg'),(3,'entry','service'),(4,'chitra','gnanam'),(5,'','');
/*!40000 ALTER TABLE `profiles` ENABLE KEYS */;
UNLOCK TABLES;

--
-- Table structure for table `profiles_fields`
--

DROP TABLE IF EXISTS `profiles_fields`;
/*!40101 SET @saved_cs_client     = @@character_set_client */;
/*!40101 SET character_set_client = utf8 */;
CREATE TABLE `profiles_fields` (
  `id` int(11) NOT NULL AUTO_INCREMENT,
  `varname` varchar(50) NOT NULL DEFAULT '',
  `title` varchar(255) NOT NULL DEFAULT '',
  `field_type` varchar(50) NOT NULL DEFAULT '',
  `field_size` int(3) NOT NULL DEFAULT '0',
  `field_size_min` int(3) NOT NULL DEFAULT '0',
  `required` int(1) NOT NULL DEFAULT '0',
  `match` varchar(255) NOT NULL DEFAULT '',
  `range` varchar(255) NOT NULL DEFAULT '',
  `error_message` varchar(255) NOT NULL DEFAULT '',
  `other_validator` text,
  `default` varchar(255) NOT NULL DEFAULT '',
  `widget` varchar(255) NOT NULL DEFAULT '',
  `widgetparams` text,
  `position` int(3) NOT NULL DEFAULT '0',
  `visible` int(1) NOT NULL DEFAULT '0',
  PRIMARY KEY (`id`)
) ENGINE=InnoDB AUTO_INCREMENT=3 DEFAULT CHARSET=utf8;
/*!40101 SET character_set_client = @saved_cs_client */;

--
-- Dumping data for table `profiles_fields`
--

LOCK TABLES `profiles_fields` WRITE;
/*!40000 ALTER TABLE `profiles_fields` DISABLE KEYS */;
INSERT INTO `profiles_fields` VALUES (1,'first_name','First Name','VARCHAR',255,3,2,'','','Incorrect First Name (length between 3 and 50 characters).','','','','',1,3),(2,'last_name','Last Name','VARCHAR',255,3,2,'','','Incorrect Last Name (length between 3 and 50 characters).','','','','',2,3);
/*!40000 ALTER TABLE `profiles_fields` ENABLE KEYS */;
UNLOCK TABLES;

--
-- Table structure for table `reason`
--

DROP TABLE IF EXISTS `reason`;
/*!40101 SET @saved_cs_client     = @@character_set_client */;
/*!40101 SET character_set_client = utf8 */;
CREATE TABLE `reason` (
  `ID` int(11) NOT NULL AUTO_INCREMENT,
  `CategoryID` int(11) NOT NULL,
  `Reason` varchar(128) NOT NULL,
  `ReasonType` enum('Extension','Status','Absence') NOT NULL,
  PRIMARY KEY (`ID`),
  UNIQUE KEY `Reason` (`Reason`),
  KEY `CategoryID` (`CategoryID`),
  KEY `ReasonType` (`ReasonType`),
  CONSTRAINT `reason_ibfk_1` FOREIGN KEY (`CategoryID`) REFERENCES `statistics_category` (`ID`) ON DELETE NO ACTION ON UPDATE NO ACTION
) ENGINE=InnoDB DEFAULT CHARSET=latin1;
/*!40101 SET character_set_client = @saved_cs_client */;

--
-- Dumping data for table `reason`
--

LOCK TABLES `reason` WRITE;
/*!40000 ALTER TABLE `reason` DISABLE KEYS */;
/*!40000 ALTER TABLE `reason` ENABLE KEYS */;
UNLOCK TABLES;

--
-- Table structure for table `settings`
--

DROP TABLE IF EXISTS `settings`;
/*!40101 SET @saved_cs_client     = @@character_set_client */;
/*!40101 SET character_set_client = utf8 */;
CREATE TABLE `settings` (
  `ID` int(11) NOT NULL AUTO_INCREMENT,
  `email` varchar(64) NOT NULL,
  PRIMARY KEY (`ID`)
) ENGINE=InnoDB AUTO_INCREMENT=2 DEFAULT CHARSET=latin1;
/*!40101 SET character_set_client = @saved_cs_client */;

--
-- Dumping data for table `settings`
--

LOCK TABLES `settings` WRITE;
/*!40000 ALTER TABLE `settings` DISABLE KEYS */;
INSERT INTO `settings` VALUES (1,'entryservice@auroville.org.in');
/*!40000 ALTER TABLE `settings` ENABLE KEYS */;
UNLOCK TABLES;

--
-- Table structure for table `statistics_answer`
--

DROP TABLE IF EXISTS `statistics_answer`;
/*!40101 SET @saved_cs_client     = @@character_set_client */;
/*!40101 SET character_set_client = utf8 */;
CREATE TABLE `statistics_answer` (
  `ID` int(11) NOT NULL AUTO_INCREMENT,
  `Answer` varchar(128) NOT NULL,
  PRIMARY KEY (`ID`),
  UNIQUE KEY `Category` (`Answer`)
) ENGINE=InnoDB AUTO_INCREMENT=7 DEFAULT CHARSET=latin1;
/*!40101 SET character_set_client = @saved_cs_client */;

--
-- Dumping data for table `statistics_answer`
--

LOCK TABLES `statistics_answer` WRITE;
/*!40000 ALTER TABLE `statistics_answer` DISABLE KEYS */;
INSERT INTO `statistics_answer` VALUES (2,'Family'),(6,'Human Unity'),(1,'Sick'),(4,'Sri Aurobindo'),(3,'The Adventure of Consciousness'),(5,'The Mother');
/*!40000 ALTER TABLE `statistics_answer` ENABLE KEYS */;
UNLOCK TABLES;

--
-- Table structure for table `statistics_category`
--

DROP TABLE IF EXISTS `statistics_category`;
/*!40101 SET @saved_cs_client     = @@character_set_client */;
/*!40101 SET character_set_client = utf8 */;
CREATE TABLE `statistics_category` (
  `ID` int(11) NOT NULL AUTO_INCREMENT,
  `Category` varchar(128) NOT NULL,
  PRIMARY KEY (`ID`),
  UNIQUE KEY `Category` (`Category`)
) ENGINE=InnoDB AUTO_INCREMENT=6 DEFAULT CHARSET=latin1;
/*!40101 SET character_set_client = @saved_cs_client */;

--
-- Dumping data for table `statistics_category`
--

LOCK TABLES `statistics_category` WRITE;
/*!40000 ALTER TABLE `statistics_category` DISABLE KEYS */;
INSERT INTO `statistics_category` VALUES (5,'Being extended'),(4,'Being rescinded'),(1,'Coming to Auroville'),(2,'Housing Problems Faced'),(3,'Leaving Auroville');
/*!40000 ALTER TABLE `statistics_category` ENABLE KEYS */;
UNLOCK TABLES;

--
-- Table structure for table `status`
--

DROP TABLE IF EXISTS `status`;
/*!40101 SET @saved_cs_client     = @@character_set_client */;
/*!40101 SET character_set_client = utf8 */;
CREATE TABLE `status` (
  `ID` int(11) NOT NULL AUTO_INCREMENT,
  `Description` varchar(64) NOT NULL,
  `Duration` smallint(6) DEFAULT NULL,
  `DurationPeriod` enum('Days','Weeks','Months','Years') DEFAULT NULL,
  `IsProcess` tinyint(1) NOT NULL,
  `ProcessPosition` smallint(6) NOT NULL,
  PRIMARY KEY (`ID`),
  UNIQUE KEY `Description` (`Description`)
) ENGINE=InnoDB AUTO_INCREMENT=10 DEFAULT CHARSET=latin1;
/*!40101 SET character_set_client = @saved_cs_client */;

--
-- Dumping data for table `status`
--

LOCK TABLES `status` WRITE;
/*!40000 ALTER TABLE `status` DISABLE KEYS */;
INSERT INTO `status` VALUES (1,'Applicant',NULL,'',0,0),(2,'Pre-Newcomer',3,'Months',1,1),(3,'Newcomer',1,'Years',1,2),(4,'Cancelled',NULL,'',0,0),(5,'Rescinded',NULL,'',0,0),(6,'Aurovilian',NULL,'',0,0),(7,'Announced Aurovilian',2,'Weeks',1,3),(8,'Returned Aurovilian',NULL,'',0,0),(9,'Left Auroville',0,NULL,0,0);
/*!40000 ALTER TABLE `status` ENABLE KEYS */;
UNLOCK TABLES;

--
-- Table structure for table `users`
--

DROP TABLE IF EXISTS `users`;
/*!40101 SET @saved_cs_client     = @@character_set_client */;
/*!40101 SET character_set_client = utf8 */;
CREATE TABLE `users` (
  `id` int(11) NOT NULL AUTO_INCREMENT,
  `username` varchar(20) NOT NULL DEFAULT '',
  `password` varchar(128) NOT NULL DEFAULT '',
  `email` varchar(128) NOT NULL DEFAULT '',
  `activkey` varchar(128) NOT NULL DEFAULT '',
  `superuser` int(1) NOT NULL DEFAULT '0',
  `status` int(1) NOT NULL DEFAULT '0',
  `create_at` timestamp NOT NULL DEFAULT CURRENT_TIMESTAMP,
  `lastvisit_at` timestamp NOT NULL DEFAULT '0000-00-00 00:00:00',
  PRIMARY KEY (`id`),
  UNIQUE KEY `user_username` (`username`),
  UNIQUE KEY `user_email` (`email`)
) ENGINE=InnoDB AUTO_INCREMENT=6 DEFAULT CHARSET=utf8;
/*!40101 SET character_set_client = @saved_cs_client */;

--
-- Dumping data for table `users`
--

LOCK TABLES `users` WRITE;
/*!40000 ALTER TABLE `users` DISABLE KEYS */;
INSERT INTO `users` VALUES (1,'luk','497e05a7f92d2d2bff151585acd77199','lgastmans@gmail.com','afca9c93762a549babf26e88d72ec2af',1,1,'2012-10-12 06:39:25','2014-08-12 06:12:19'),(2,'Kripa','9b1c5268868367ab344f007419a489ed','kripa@auroville.org.in','8ed8479975aec410749a23e22a629d4a',1,1,'2013-08-30 00:22:50','2014-08-12 04:43:51'),(3,'entry','aaabf0d39951f3e6c3e8a7911df524c2','entryservice@auroville.org.in','2d007e81b3edd2f184f42879fdd16caa',0,1,'2014-07-30 03:53:42','2014-08-12 04:44:45'),(4,'chitra','ccda1683d8c97f8f2dff2ea7d649b42c','chitragnanam72@gmail.com','ef41bcc0994b2db762c2bd8bbed9d1bc',0,1,'2014-07-30 04:33:55','2014-07-30 05:15:35'),(5,'angela','9767298e7032e4743accf049d952c2ba','angela@auroville.org.in','69218153da064ee2f4e1619e99be0701',1,1,'2014-08-12 05:03:57','2014-08-12 05:04:52');
/*!40000 ALTER TABLE `users` ENABLE KEYS */;
UNLOCK TABLES;

--
-- Table structure for table `visa`
--

DROP TABLE IF EXISTS `visa`;
/*!40101 SET @saved_cs_client     = @@character_set_client */;
/*!40101 SET character_set_client = utf8 */;
CREATE TABLE `visa` (
  `ID` int(11) NOT NULL AUTO_INCREMENT,
  `VisaType` enum('Visa','Bussiness','Tourist','PIO','OCI','Student','Entry') NOT NULL,
  `Number` varchar(16) NOT NULL,
  `IssuedDate` date NOT NULL,
  `ValidTill` date NOT NULL,
  PRIMARY KEY (`ID`)
) ENGINE=InnoDB AUTO_INCREMENT=3 DEFAULT CHARSET=latin1;
/*!40101 SET character_set_client = @saved_cs_client */;

--
-- Dumping data for table `visa`
--

LOCK TABLES `visa` WRITE;
/*!40000 ALTER TABLE `visa` DISABLE KEYS */;
INSERT INTO `visa` VALUES (1,'Entry','1245','2014-08-12','2014-08-28'),(2,'Entry','1245','2014-08-12','2014-08-28');
/*!40000 ALTER TABLE `visa` ENABLE KEYS */;
UNLOCK TABLES;

--
-- Table structure for table `work`
--

DROP TABLE IF EXISTS `work`;
/*!40101 SET @saved_cs_client     = @@character_set_client */;
/*!40101 SET character_set_client = utf8 */;
CREATE TABLE `work` (
  `ID` int(11) NOT NULL AUTO_INCREMENT,
  `ApplicantID` int(11) NOT NULL,
  `Place` varchar(64) NOT NULL,
  `FromDate` date DEFAULT NULL,
  `ToDate` date DEFAULT NULL,
  `Notes` text,
  PRIMARY KEY (`ID`),
  KEY `IdentityID` (`ApplicantID`),
  KEY `CommunityID` (`Place`)
) ENGINE=InnoDB AUTO_INCREMENT=113 DEFAULT CHARSET=latin1;
/*!40101 SET character_set_client = @saved_cs_client */;

--
-- Dumping data for table `work`
--

LOCK TABLES `work` WRITE;
/*!40000 ALTER TABLE `work` DISABLE KEYS */;
INSERT INTO `work` VALUES (1,493,'Bamboo Centre','2014-07-21','2014-07-21',''),(2,494,'Transition School','2014-07-21','2014-07-21',''),(3,495,'Savitri Bavahn?Lastschool','2014-07-21','2014-07-21',''),(4,497,'Auromode','2014-07-21','2014-07-21',''),(5,498,'Le Morgan Cafe','2014-07-21','2014-07-21',''),(6,500,'Miniature','2014-07-21','2014-07-21',''),(7,501,'Blue Light ','2014-07-21','2014-07-21',''),(8,502,'Ravena Forest/Aurovelo','2014-07-21','2014-07-21',''),(9,504,'AV Web Office','2014-07-21','2014-07-21',''),(10,505,'Transition School','2014-07-21','2014-07-21',''),(11,506,'Blue Light ','2014-07-21','2014-07-21',''),(12,507,'Avenir','2014-07-21','2014-07-21',''),(13,508,'Free Land Bookshop','2014-07-21','2014-07-21',''),(14,509,'Future School','2014-07-21','2014-07-21',''),(15,510,'Quiet','2014-07-21','2014-07-21',''),(16,511,'Housing Service','2014-07-21','2014-07-21',''),(17,512,'Teacher','2014-07-21','2014-07-21',''),(18,513,'Auromode/PTDC','2014-07-21','2014-07-21',''),(19,514,'Sadhana Forest','2014-07-21','2014-07-21',''),(20,515,'Forest','2014-07-21','2014-07-21',''),(21,516,'Windara Farm','2014-07-21','2014-07-21',''),(22,517,'Guest Service','2014-07-21','2014-07-21',''),(23,518,'Sunlit Future','2014-07-21','2014-07-21',''),(24,519,'Nandanam','2014-07-21','2014-07-21',''),(25,520,'Deepanam','2014-07-21','2014-07-21',''),(26,521,'Health Service','2014-07-21','2014-07-21',''),(27,524,'Quiet','2014-07-21','2014-07-21',''),(28,525,'Koodam','2014-07-21','2014-07-21',''),(29,527,'Udavi?Future School','2014-07-21','2014-07-21',''),(30,528,'Matrimandir','2014-07-21','2014-07-21',''),(31,531,'Bharat Nivas','2014-07-21','2014-07-21',''),(32,532,'Transition School','2014-07-21','2014-07-21',''),(33,533,'PTDC','2014-07-21','2014-07-21',''),(34,534,'AV Schools','2014-07-21','2014-07-21',''),(35,535,'Sacred Grove','2014-07-21','2014-07-21',''),(36,536,'Abri Forest/Matrimandir laundry','2014-07-21','2014-07-21',''),(37,537,'Varuna','2014-07-21','2014-07-21',''),(38,538,'Vocational training coordinator','2014-07-21','2014-07-21',''),(39,541,'PTDC','2014-07-21','2014-07-21',''),(40,544,'Deepanam School','2014-07-21','2014-07-21',''),(41,545,'Colors of nature/Deepanam/PTDC','2014-07-21','2014-07-21',''),(42,548,'AV Radio','2014-07-21','2014-07-21',''),(43,551,'???','2014-07-21','2014-07-21',''),(44,552,'Accessible Auroville','2014-07-21','2014-07-21',''),(45,553,'Blue Light ','2014-07-21','2014-07-21',''),(46,554,'Newlands','2014-07-21','2014-07-21',''),(47,555,'Financial Servie','2014-07-21','2014-07-21',''),(48,556,'Bamboo Centre','2014-07-21','2014-07-21',''),(49,557,'Aha Kindergarten','2014-07-21','2014-07-21',''),(50,558,'Solar Kitchen/ Botanical Garden','2014-07-21','2014-07-21',''),(51,561,'Kailash Clinic','2014-07-21','2014-07-21',''),(52,562,'Blue light ','2014-07-21','2014-07-21',''),(53,563,'Upasana','2014-07-21','2014-07-21',''),(54,564,'kindergarten','2014-07-21','2014-07-21',''),(55,565,'Well Paper','2014-07-21','2014-07-21',''),(56,566,'Kindergarten','2014-07-21','2014-07-21',''),(57,567,'Blue Light ','2014-07-21','2014-07-21',''),(58,568,'Blue Light /Matrimandir','2014-07-21','2014-07-21',''),(59,569,'Health Service/ Centre Guest House','2014-07-21','2014-07-21',''),(60,570,'Sunlit Future','2014-07-21','2014-07-21',''),(61,571,'Life Education Centre','2014-07-21','2014-07-21',''),(62,572,'New Dawn Carpentery','2014-07-21','2014-07-21',''),(63,573,'Pitanga','2014-07-21','2014-07-21',''),(64,574,'Tanto Restaurant','2014-07-21','2014-07-21',''),(65,575,'Aureka','2014-07-21','2014-07-21',''),(66,576,'Pichandiculam','2014-07-21','2014-07-21',''),(67,577,'PTDC','2014-07-21','2014-07-21',''),(68,578,'Fertile','2014-07-21','2014-07-21',''),(69,579,'PTDC','2014-07-21','2014-07-21',''),(70,580,'Visitor Centre','2014-07-21','2014-07-21',''),(71,581,'Aurolec/Asa','2014-07-21','2014-07-21',''),(72,582,'Unity Pavillion','2014-07-21','2014-07-21',''),(73,583,'New Colors','2014-07-21','2014-07-21',''),(74,584,'part time Future School','2014-07-21','2014-07-21',''),(75,585,'Tanto Restaurant','2014-07-21','2014-07-21',''),(76,586,'Savitri Bavahn','2014-07-21','2014-07-21',''),(77,587,'Matrimandir/AV Radio','2014-07-21','2014-07-21',''),(78,588,'PTDC','2014-07-21','2014-07-21',''),(79,589,'Earth Institute','2014-07-21','2014-07-21',''),(80,590,'Pitanga','2014-07-21','2014-07-21',''),(81,591,'Baraka','2014-07-21','2014-07-21',''),(82,592,'Windara Farm','2014-07-21','2014-07-21',''),(83,593,'Nandanam','2014-07-21','2014-07-21',''),(84,594,'Savi','2014-07-21','2014-07-21',''),(85,595,'Pitanga','2014-07-21','2014-07-21',''),(86,597,'Aranya Biodiversity conservation','2014-07-21','2014-07-21',''),(87,598,'Earth Institute','2014-07-21','2014-07-21',''),(88,599,'FMC secretary','2014-07-21','2014-07-21',''),(89,603,'Paint and Decors /Carlos','2014-07-21','2014-07-21',''),(90,606,'Hibiscus Village','2014-07-21','2014-07-21',''),(91,609,'Matrimandir','2014-07-21','2014-07-21',''),(92,611,'Pitanga','2014-07-21','2014-07-21',''),(93,613,'Blue Light ','2014-07-21','2014-07-21',''),(94,615,'Aha Kindergarten','2014-07-21','2014-07-21',''),(95,617,'Inside India','2014-07-21','2014-07-21',''),(96,621,'Transition School','2014-07-21','2014-07-21',''),(97,622,'Isaiambalam School','2014-07-21','2014-07-21',''),(98,623,'Kindergarten/Special needs child assistant','2014-07-21','2014-07-21',''),(99,625,'Auroservice','2014-07-21','2014-07-21',''),(100,633,'Savitri Bavahn','2014-07-21','2014-07-21',''),(101,634,'Matrimandir','2014-07-21','2014-07-21',''),(102,636,'kindergarten','2014-07-21','2014-07-21',''),(103,637,'Siddhartha forest','2014-07-21','2014-07-21',''),(104,644,'Entry Service','2014-07-21','2014-07-21',''),(106,649,'Sacred Grove','0000-00-00','0000-00-00',NULL),(107,649,'Sacred Grove','0000-00-00','0000-00-00',NULL),(108,650,'Bamboo Centre','0000-00-00','0000-00-00',NULL),(110,652,'Health Team Pitchandikulam','0000-00-00','0000-00-00',NULL),(112,653,'Auromode','0000-00-00','0000-00-00',NULL);
/*!40000 ALTER TABLE `work` ENABLE KEYS */;
UNLOCK TABLES;
/*!40103 SET TIME_ZONE=@OLD_TIME_ZONE */;

/*!40101 SET SQL_MODE=@OLD_SQL_MODE */;
/*!40014 SET FOREIGN_KEY_CHECKS=@OLD_FOREIGN_KEY_CHECKS */;
/*!40014 SET UNIQUE_CHECKS=@OLD_UNIQUE_CHECKS */;
/*!40101 SET CHARACTER_SET_CLIENT=@OLD_CHARACTER_SET_CLIENT */;
/*!40101 SET CHARACTER_SET_RESULTS=@OLD_CHARACTER_SET_RESULTS */;
/*!40101 SET COLLATION_CONNECTION=@OLD_COLLATION_CONNECTION */;
/*!40111 SET SQL_NOTES=@OLD_SQL_NOTES */;

-- Dump completed on 2014-08-12 11:45:13
